Status,GlobalSeq,Year,SeqInYear,Author,Work,PlanSelection,GreatIdeas,BeforeReading,DuringReading,AfterReading,Hook,ResourceKeys,ResourceTitles,ResourceURLs,Themes,GreatBooksSet,PlacementNote
Not Started,1,1,1,Plato,Apology,Focus: Socrates' defense; 'gadfly' mission; the examined life; sentencing (Read whole; then re-read these anchors),Courage; Dialectic; Duty; Justice; Knowledge; Law; Education; Truth,OYC PLSC 114 — watch the Socratic citizenship / Republic lectures that match this reading.,Gregory B. Sadler — use/search: “Plato Apology text lecture core concepts”,Bryan Magee — Plato episode; then write the question Plato leaves harder than he found it.,Watch for Courage; Dialectic; Duty; Justice: Plato rarely hands you a doctrine first; he stages a soul learning how to ask.,OYC_POLPHIL; SADLER; MAGEE,Open Yale PLSC 114 — Introduction to Political Philosophy; Gregory B. Sadler — philosophy text lectures and core concepts; Bryan Magee — Great Philosophers / Men of Ideas interviews,https://oyc.yale.edu/political-science/plsc-114; https://www.youtube.com/@GregoryBSadler; https://www.openculture.com/2012/05/bryan_magees_in-depth_uncut_tv_conversations_with_famous_philosophers_1978-87.html,Courage; Dialectic; Duty; Justice; Knowledge; Law; Truth; Education,Core (1952),
Not Started,2,1,2,Plato,Crito,Focus: justice vs law; social contract argument; why Socrates refuses escape (Read whole; then re-read these anchors),Law; Justice; Government; Citizen; Duty; Liberty; Dialectic; Education,OYC PLSC 114 — watch the Socratic citizenship / Republic lectures that match this reading.,Gregory B. Sadler — use/search: “Plato Crito text lecture core concepts”,Bryan Magee — Plato episode; then write the question Plato leaves harder than he found it.,Watch for Law; Justice; Government; Citizen: Plato rarely hands you a doctrine first; he stages a soul learning how to ask.,OYC_POLPHIL; SADLER; MAGEE,Open Yale PLSC 114 — Introduction to Political Philosophy; Gregory B. Sadler — philosophy text lectures and core concepts; Bryan Magee — Great Philosophers / Men of Ideas interviews,https://oyc.yale.edu/political-science/plsc-114; https://www.youtube.com/@GregoryBSadler; https://www.openculture.com/2012/05/bryan_magees_in-depth_uncut_tv_conversations_with_famous_philosophers_1978-87.html,Law; Justice; Government; Citizen; Duty; Liberty; Dialectic; Education,Core (1952),
Not Started,3,1,3,Aristophanes,Clouds,Focus: Socratic caricature; education vs tradition; satire of sophistry (Read whole; then re-read these anchors),Education; Art; Custom and Convention; Democracy; Desire; Government; Experience; Rhetoric,National Theatre — Greek Theatre Video Collection on Greek comedy and satyr drama; pair with OYC Greek History context on Athens.,Performance/lecture cue — use/search: “Aristophanes Clouds Greek comedy”,Crash Course Theater and Drama — comedy and ancient theatre context; then ask what satire can know that philosophy misses.,"Watch for Education; Art; Custom and Convention; Democracy: comedy is civic diagnosis through ridicule, appetite, sex, money, and fantasy.",PBS_GREEKS; NAT_GREEK; CRASH_THEATER; OYC_GREEK,PBS Empires — The Greeks: Crucible of Civilization; National Theatre — Greek Theatre Video Collection; Crash Course Theater and Drama; Open Yale CLCV 205 — Introduction to Ancient Greek History,https://www.pbs.org/empires/thegreeks/; https://www.nationaltheatre.org.uk/learn-explore/greek-theatre-video-collection/; https://thecrashcourse.com/topic/theaterdrama/; https://oyc.yale.edu/classics/clcv-205,Education; Art; Custom and Convention; Democracy; Desire; Government; Rhetoric; Experience,Core (1952),
Not Started,4,1,4,Aristophanes,Lysistrata,Focus: civic comedy; war critique; gender/power reversal; chorus debates (Read whole; then re-read these anchors),Art; Custom and Convention; Democracy; Desire; Education; Government; Courage; Rhetoric,National Theatre — Greek Theatre Video Collection on Greek comedy and satyr drama; pair with OYC Greek History context on Athens.,Performance/lecture cue — use/search: “Aristophanes Lysistrata Greek comedy”,Crash Course Theater and Drama — comedy and ancient theatre context; then ask what satire can know that philosophy misses.,"Watch for Art; Custom and Convention; Democracy; Desire: comedy is civic diagnosis through ridicule, appetite, sex, money, and fantasy.",PBS_GREEKS; NAT_GREEK; CRASH_THEATER; OYC_GREEK,PBS Empires — The Greeks: Crucible of Civilization; National Theatre — Greek Theatre Video Collection; Crash Course Theater and Drama; Open Yale CLCV 205 — Introduction to Ancient Greek History,https://www.pbs.org/empires/thegreeks/; https://www.nationaltheatre.org.uk/learn-explore/greek-theatre-video-collection/; https://thecrashcourse.com/topic/theaterdrama/; https://oyc.yale.edu/classics/clcv-205,Art; Custom and Convention; Democracy; Desire; Education; Government; Rhetoric; Courage,Core (1952),
Not Started,5,1,5,Plato,Republic,Book I-II,Citizen; Democracy; Education; Good and Evil; Government; Justice; Law; Liberty,OYC PLSC 114 — watch the Socratic citizenship / Republic lectures that match this reading.,Gregory B. Sadler — use/search: “Plato Republic text lecture core concepts”,Bryan Magee — Plato episode; then write the question Plato leaves harder than he found it.,Watch for Citizen; Democracy; Education; Good and Evil: Plato rarely hands you a doctrine first; he stages a soul learning how to ask.,OYC_POLPHIL; SADLER; MAGEE,Open Yale PLSC 114 — Introduction to Political Philosophy; Gregory B. Sadler — philosophy text lectures and core concepts; Bryan Magee — Great Philosophers / Men of Ideas interviews,https://oyc.yale.edu/political-science/plsc-114; https://www.youtube.com/@GregoryBSadler; https://www.openculture.com/2012/05/bryan_magees_in-depth_uncut_tv_conversations_with_famous_philosophers_1978-87.html,Citizen; Democracy; Education; Good and Evil; Government; Justice; Law; Liberty,Core (1952),
Not Started,6,1,6,Aristotle,Nicomachean Ethics,Book I,Duty; Happiness; Justice; Pleasure and Pain; Prudence; Reasoning; Temperance; Virtue and Vice,OYC PLSC 114 — Aristotle/polis lectures; then Harvard Justice for the modern moral-political pressure points.,Gregory B. Sadler — use/search: “Aristotle Nicomachean Ethics text lecture”,Bryan Magee — Aristotle episode; compare Aristotle’s teleology with modern rights and utility.,Watch for Duty; Happiness; Justice; Pleasure and Pain: Aristotle begins from practices and asks what form of life lets a thing become itself.,OYC_POLPHIL; HARVARD_JUSTICE; SADLER; MAGEE,Open Yale PLSC 114 — Introduction to Political Philosophy; Harvard Justice — Michael Sandel course videos; Gregory B. Sadler — philosophy text lectures and core concepts; Bryan Magee — Great Philosophers / Men of Ideas interviews,https://oyc.yale.edu/political-science/plsc-114; https://justiceharvard.org/; https://www.youtube.com/@GregoryBSadler; https://www.openculture.com/2012/05/bryan_magees_in-depth_uncut_tv_conversations_with_famous_philosophers_1978-87.html,Duty; Happiness; Justice; Pleasure and Pain; Prudence; Reasoning; Temperance; Virtue and Vice,Core (1952),
Not Started,7,1,7,Aristotle,Politics,Book I,Aristocracy; Citizen; Constitution; Democracy; Government; Law; Monarchy; Oligarchy,OYC PLSC 114 — Aristotle/polis lectures; then Harvard Justice for the modern moral-political pressure points.,Gregory B. Sadler — use/search: “Aristotle Politics text lecture”,Bryan Magee — Aristotle episode; compare Aristotle’s teleology with modern rights and utility.,Watch for Aristocracy; Citizen; Constitution; Democracy: Aristotle begins from practices and asks what form of life lets a thing become itself.,OYC_POLPHIL; HARVARD_JUSTICE; SADLER; MAGEE,Open Yale PLSC 114 — Introduction to Political Philosophy; Harvard Justice — Michael Sandel course videos; Gregory B. Sadler — philosophy text lectures and core concepts; Bryan Magee — Great Philosophers / Men of Ideas interviews,https://oyc.yale.edu/political-science/plsc-114; https://justiceharvard.org/; https://www.youtube.com/@GregoryBSadler; https://www.openculture.com/2012/05/bryan_magees_in-depth_uncut_tv_conversations_with_famous_philosophers_1978-87.html,Aristocracy; Citizen; Constitution; Democracy; Government; Law; Monarchy; Oligarchy,Core (1952),
Not Started,8,1,8,Plutarch,Lives,Lycurgus; Numa Pompilius; Lycurgus and Numa Compared; Alexander; Caesar,Courage; Government; History; Honor; Justice; State; Virtue and Vice,Crash Course World History — Roman Republic/Roman Empire context; then OYC Roman Architecture for empire as a visible political order.,Lecture/documentary cue — use/search: “Plutarch Lives Rome virtue empire decline”,BBC Civilisation or OYC European Civilization — use the fall/legacy of Rome as the bridge to Christianity and modern Europe.,"Watch for Courage; Government; History; Honor: Rome turns character into public consequence: virtue, ambition, empire, decay, and institutional memory.",CRASH_WORLD; OYC_ROMANARCH; OYC_EUROCIV; BBC_CIVILISATION,"Crash Course World History; Open Yale HSAR 252 — Roman Architecture; Open Yale HIST 202 — European Civilization, 1648–1945; Kenneth Clark — Civilisation",https://www.youtube.com/playlist?list=PLBDA2E52FB1EF80C9; https://oyc.yale.edu/history-of-art/hsar-252; https://oyc.yale.edu/history/hist-202; https://www.bbcselect.com/watch/civilisation/,Courage; Government; History; Honor; Justice; State; Virtue and Vice,Core (1952),
Not Started,9,1,9,New Testament,Gospel of Matthew,Focus: opening (question/terms); one central argument or turning point; a representative example/scene; closing resolution (Read whole; then re-read these anchors),God; Duty; Justice; Law; Life and Death; Love; Religion; Sin,BibleProject — overview video for Gospel of Matthew; then OYC New Testament lecture on historical context.,Open Yale RLST 152 — use/search: “Gospel of Matthew New Testament lecture”,"PBS Battle for the Bible — connect apostolic text to canon, translation, church authority, and reform.","Watch for God; Duty; Justice; Law: the text’s influence comes from how theology, community, history, and interpretation lock together.",BIBLEPROJECT; OYC_NT; PBS_BATTLE_BIBLE,BibleProject — Bible book overview videos; Open Yale RLST 152 — Introduction to New Testament History and Literature; PBS Secrets of the Dead — Battle for the Bible,https://bibleproject.com/videos/collections/; https://oyc.yale.edu/religious-studies/rlst-152; https://www.pbs.org/wnet/secrets/battle-for-the-bible-about-the-episode/7154/,God; Religion; Sin; Duty; Justice; Law; Life and Death; Love,Core (1952),
Not Started,10,1,10,New Testament,Acts of the Apostles,Focus: opening (question/terms); one central argument or turning point; a representative example/scene; closing resolution (Read whole; then re-read these anchors),God; Duty; Justice; Law; Life and Death; Love; Religion; Sin,BibleProject — overview video for Acts of the Apostles; then OYC New Testament lecture on historical context.,Open Yale RLST 152 — use/search: “Acts of the Apostles New Testament lecture”,"PBS Battle for the Bible — connect apostolic text to canon, translation, church authority, and reform.","Watch for God; Duty; Justice; Law: the text’s influence comes from how theology, community, history, and interpretation lock together.",BIBLEPROJECT; OYC_NT; PBS_BATTLE_BIBLE,BibleProject — Bible book overview videos; Open Yale RLST 152 — Introduction to New Testament History and Literature; PBS Secrets of the Dead — Battle for the Bible,https://bibleproject.com/videos/collections/; https://oyc.yale.edu/religious-studies/rlst-152; https://www.pbs.org/wnet/secrets/battle-for-the-bible-about-the-episode/7154/,God; Religion; Sin; Duty; Justice; Law; Life and Death; Love,Core (1952),
Not Started,11,1,11,St. Augustine,Confessions,Book I-VIII,God; Love; Sin; Soul; Time; Truth; Will; Religion,BBC Civilisation — late antique/Christian transition context; then OYC New Testament background if needed.,Gregory B. Sadler — use/search: “St. Augustine Confessions lecture”,Bryan Magee or a late-antique Christianity lecture; ask how inwardness becomes philosophical evidence.,"Watch for God; Love; Sin; Soul: Christian thought absorbs classical philosophy by relocating the drama inside memory, will, sin, grace, and time.",BBC_CIVILISATION; OYC_NT; SADLER; MAGEE,Kenneth Clark — Civilisation; Open Yale RLST 152 — Introduction to New Testament History and Literature; Gregory B. Sadler — philosophy text lectures and core concepts; Bryan Magee — Great Philosophers / Men of Ideas interviews,https://www.bbcselect.com/watch/civilisation/; https://oyc.yale.edu/religious-studies/rlst-152; https://www.youtube.com/@GregoryBSadler; https://www.openculture.com/2012/05/bryan_magees_in-depth_uncut_tv_conversations_with_famous_philosophers_1978-87.html,God; Love; Sin; Soul; Time; Truth; Will; Religion,Core (1952),
Not Started,12,1,12,Machiavelli,The Prince,Focus: ch. 6-9 (new princes); ch. 15-19 (virtù/vice); ch. 25-26 (fortune & Italy) (Read whole; then re-read these anchors),Constitution; Government; Law; Prudence; Revolution; State; Tyranny and Despotism,OYC Political Philosophy — watch the matching author lectures; use Crash Course European History for state/revolution context.,Open Yale / lecture cue — use/search: “Machiavelli The Prince political philosophy lecture”,"Harvard Justice — connect sovereignty, consent, rights, equality, and democracy to live moral-political arguments.","Watch for Constitution; Government; Law; Prudence: modern politics asks what authority remains when custom, throne, church, and nature lose automatic command.",OYC_POLPHIL; OYC_SOCIAL; HARVARD_JUSTICE; CRASH_EURO,Open Yale PLSC 114 — Introduction to Political Philosophy; Open Yale SOCY 151 — Foundations of Modern Social Theory; Harvard Justice — Michael Sandel course videos; Crash Course European History,https://oyc.yale.edu/political-science/plsc-114; https://oyc.yale.edu/sociology/socy-151; https://justiceharvard.org/; https://www.youtube.com/playlist?list=PL8dPuuaLjXtMsMTfmRomkVQG8AqrAmJFX,Constitution; Government; Law; Prudence; Revolution; State; Tyranny and Despotism,Core (1952),
Not Started,13,1,13,Rabelais,Gargantua and Pantagruel,Book I-II,Art; Custom and Convention; Education; Good and Evil; Happiness; Language,"PBS Medici for Renaissance humanism; then BBC Civilisation for print, learning, and reforming Europe.",Lecture/documentary cue — use/search: “Rabelais Gargantua and Pantagruel Renaissance humanism”,"Rick Steves Luther — use Reformation pressure as the background for satire, skepticism, education, and self-examination.",Watch for Art; Custom and Convention; Education; Good and Evil: Renaissance humanism reopens antiquity and discovers the self as a problem.,BBC_CIVILISATION; PBS_MEDICI; RICK_STEVES_LUTHER,Kenneth Clark — Civilisation; PBS Empires — Medici: Godfathers of the Renaissance; Rick Steves — Luther and the Reformation,https://www.bbcselect.com/watch/civilisation/; https://www.pbs.org/empires/medici/; https://www.ricksteves.com/watch-read-listen/video/tv-show/tv-specials/luther,Art; Custom and Convention; Education; Good and Evil; Happiness; Language,Core (1952),
Not Started,14,1,14,Montaigne,Essays,Of Custom...; Of Pedantry; Of the Education of Children; ...; Of Cannibals; ...; Upon Some Verses of Virgil,Custom and Convention; Education; Experience; Knowledge; Opinion; Reasoning; Truth; Virtue and Vice,"PBS Medici for Renaissance humanism; then BBC Civilisation for print, learning, and reforming Europe.",Lecture/documentary cue — use/search: “Montaigne Essays Renaissance humanism”,"Rick Steves Luther — use Reformation pressure as the background for satire, skepticism, education, and self-examination.",Watch for Custom and Convention; Education; Experience; Knowledge: Renaissance humanism reopens antiquity and discovers the self as a problem.,BBC_CIVILISATION; PBS_MEDICI; RICK_STEVES_LUTHER,Kenneth Clark — Civilisation; PBS Empires — Medici: Godfathers of the Renaissance; Rick Steves — Luther and the Reformation,https://www.bbcselect.com/watch/civilisation/; https://www.pbs.org/empires/medici/; https://www.ricksteves.com/watch-read-listen/video/tv-show/tv-specials/luther,Custom and Convention; Education; Experience; Opinion; Reasoning; Truth; Virtue and Vice; Knowledge,Core (1952),
Not Started,15,1,15,Shakespeare,Hamlet,Focus: Act I (ghost); Act III (to be/not to be; play-within-play); Act V (graveyard; ending) (Read whole; then re-read these anchors),Desire; Emotion; Fate; Good and Evil; Justice; Love; Tyranny and Despotism; War and Peace,"RSC Shakespeare Learning Zone — Hamlet; watch plot, characters, and key scenes before reading.","Watch a staged production through RSC Watch Online, Globe Player, Digital Theatre, or another reputable production source: Hamlet.","Crash Course Literature/Theater — use the genre context: tragedy, comedy, history play, rhetoric, or political theatre.",Watch for Desire; Emotion; Fate; Good and Evil: Shakespeare makes public order and private speech collide inside the same human voice.,RSC_LEARN; RSC_STREAM; GLOBE_PLAYER; CRASH_LIT; CRASH_THEATER,Royal Shakespeare Company — Shakespeare Learning Zone; Royal Shakespeare Company — Watch Online; Shakespeare's Globe Player; Crash Course Literature; Crash Course Theater and Drama,https://www.rsc.org.uk/shakespeare-learning-zone; https://www.rsc.org.uk/watch-online; https://player.shakespearesglobe.com/; https://thecrashcourse.com/topic/literature/; https://thecrashcourse.com/topic/theaterdrama/,Desire; Emotion; Fate; Good and Evil; Justice; Love; Tyranny and Despotism; War and Peace,Core (1952),
Not Started,16,1,16,Locke,Concerning Civil Government (Second Treatise),Focus: opening (question/terms); one central argument or turning point; a representative example/scene; closing resolution (Read whole; then re-read these anchors),Government; Constitution; Law; Citizen; Justice; Liberty; Experience; Knowledge,OYC Political Philosophy — watch the matching author lectures; use Crash Course European History for state/revolution context.,Open Yale / lecture cue — use/search: “Locke Concerning Civil Government (Second Treatise) political philosophy lecture”,"Harvard Justice — connect sovereignty, consent, rights, equality, and democracy to live moral-political arguments.","Watch for Government; Constitution; Law; Citizen: modern politics asks what authority remains when custom, throne, church, and nature lose automatic command.",OYC_POLPHIL; OYC_SOCIAL; HARVARD_JUSTICE; CRASH_EURO,Open Yale PLSC 114 — Introduction to Political Philosophy; Open Yale SOCY 151 — Foundations of Modern Social Theory; Harvard Justice — Michael Sandel course videos; Crash Course European History,https://oyc.yale.edu/political-science/plsc-114; https://oyc.yale.edu/sociology/socy-151; https://justiceharvard.org/; https://www.youtube.com/playlist?list=PL8dPuuaLjXtMsMTfmRomkVQG8AqrAmJFX,Government; Constitution; Law; Citizen; Justice; Liberty; Experience; Knowledge,Core (1952),
Not Started,17,1,17,Rousseau,The Social Contract,Book I-II,Citizen; Constitution; Democracy; Government; Justice; Law; Liberty; State,OYC Political Philosophy — watch the matching author lectures; use Crash Course European History for state/revolution context.,Open Yale / lecture cue — use/search: “Rousseau The Social Contract political philosophy lecture”,"Harvard Justice — connect sovereignty, consent, rights, equality, and democracy to live moral-political arguments.","Watch for Citizen; Constitution; Democracy; Government: modern politics asks what authority remains when custom, throne, church, and nature lose automatic command.",OYC_POLPHIL; OYC_SOCIAL; HARVARD_JUSTICE; CRASH_EURO,Open Yale PLSC 114 — Introduction to Political Philosophy; Open Yale SOCY 151 — Foundations of Modern Social Theory; Harvard Justice — Michael Sandel course videos; Crash Course European History,https://oyc.yale.edu/political-science/plsc-114; https://oyc.yale.edu/sociology/socy-151; https://justiceharvard.org/; https://www.youtube.com/playlist?list=PL8dPuuaLjXtMsMTfmRomkVQG8AqrAmJFX,Citizen; Constitution; Democracy; Government; Justice; Law; Liberty; State,Core (1952),
Not Started,18,1,18,Gibbon,The Decline and Fall of the Roman Empire,Ch. 15-16,Cause; Government; History; Religion; Revolution; State; War and Peace,Crash Course World History — Roman Republic/Roman Empire context; then OYC Roman Architecture for empire as a visible political order.,Lecture/documentary cue — use/search: “Gibbon The Decline and Fall of the Roman Empire Rome virtue empire decline”,BBC Civilisation or OYC European Civilization — use the fall/legacy of Rome as the bridge to Christianity and modern Europe.,"Watch for Cause; Government; History; Religion: Rome turns character into public consequence: virtue, ambition, empire, decay, and institutional memory.",CRASH_WORLD; OYC_ROMANARCH; OYC_EUROCIV; BBC_CIVILISATION,"Crash Course World History; Open Yale HSAR 252 — Roman Architecture; Open Yale HIST 202 — European Civilization, 1648–1945; Kenneth Clark — Civilisation",https://www.youtube.com/playlist?list=PLBDA2E52FB1EF80C9; https://oyc.yale.edu/history-of-art/hsar-252; https://oyc.yale.edu/history/hist-202; https://www.bbcselect.com/watch/civilisation/,Cause; Government; History; Religion; Revolution; State; War and Peace,Core (1952),
Not Started,19,1,19,American Founding Documents,Declaration of Independence,Focus: opening (question/terms); one central argument or turning point; a representative example/scene; closing resolution (Read whole; then re-read these anchors),Citizen; Government; Justice; Law; Liberty; Constitution; Democracy; Revolution,"OYC American Revolution — lectures on independence, republicanism, and constitution-making.",Lecture cue — use/search: “Declaration of Independence American founding lecture”,"Harvard Justice — connect rights, representation, federalism, liberty, equality, and public reason.",Watch for Citizen; Government; Justice; Law: founding texts turn political philosophy into institutional design under pressure.,OYC_AMREV; OYC_POLPHIL; HARVARD_JUSTICE,Open Yale HIST 116 — The American Revolution; Open Yale PLSC 114 — Introduction to Political Philosophy; Harvard Justice — Michael Sandel course videos,https://oyc.yale.edu/history/hist-116; https://oyc.yale.edu/political-science/plsc-114; https://justiceharvard.org/,Citizen; Government; Justice; Law; Liberty; Revolution; Constitution; Democracy,Core (1952),
Not Started,20,1,20,American Founding Documents,Constitution of the United States,Focus: opening (question/terms); one central argument or turning point; a representative example/scene; closing resolution (Read whole; then re-read these anchors),Government; Law; Constitution; Citizen; Democracy; Justice; Liberty; State,"OYC American Revolution — lectures on independence, republicanism, and constitution-making.",Lecture cue — use/search: “Constitution of the United States American founding lecture”,"Harvard Justice — connect rights, representation, federalism, liberty, equality, and public reason.",Watch for Government; Law; Constitution; Citizen: founding texts turn political philosophy into institutional design under pressure.,OYC_AMREV; OYC_POLPHIL; HARVARD_JUSTICE,Open Yale HIST 116 — The American Revolution; Open Yale PLSC 114 — Introduction to Political Philosophy; Harvard Justice — Michael Sandel course videos,https://oyc.yale.edu/history/hist-116; https://oyc.yale.edu/political-science/plsc-114; https://justiceharvard.org/,Government; Law; State; Constitution; Citizen; Democracy; Justice; Liberty,Core (1952),
Not Started,21,1,21,American Founding Documents,The Federalist Papers,"Nos. 1-10, 15, 31, 47, 51, 68-71",Citizen; Constitution; Democracy; Government; Law; Liberty; Justice; State,"OYC American Revolution — lectures on independence, republicanism, and constitution-making.",Lecture cue — use/search: “The Federalist Papers American founding lecture”,"Harvard Justice — connect rights, representation, federalism, liberty, equality, and public reason.",Watch for Citizen; Constitution; Democracy; Government: founding texts turn political philosophy into institutional design under pressure.,OYC_AMREV; OYC_POLPHIL; HARVARD_JUSTICE,Open Yale HIST 116 — The American Revolution; Open Yale PLSC 114 — Introduction to Political Philosophy; Harvard Justice — Michael Sandel course videos,https://oyc.yale.edu/history/hist-116; https://oyc.yale.edu/political-science/plsc-114; https://justiceharvard.org/,Citizen; Constitution; Democracy; Government; Law; Liberty; State; Justice,Core (1952),
Not Started,22,1,22,Adam Smith,The Wealth of Nations,"Introduction-Book I, Ch. 9",Government; Labor; Justice; Liberty; Wealth; Progress; Prudence,OYC Foundations of Modern Social Theory — matching author/context lectures; then Crash Course Economics for the vocabulary.,Lecture cue — use/search: “Adam Smith The Wealth of Nations lecture”,"OYC Financial Markets or Game Theory — connect labor, wealth, exchange, institutions, conflict, and modern capitalism.","Watch for Government; Labor; Justice; Liberty: economic texts become philosophical when wealth, labor, power, and human motives are treated as one system.",OYC_SOCIAL; CRASH_ECON; OYC_FINANCE; OYC_GAME,Open Yale SOCY 151 — Foundations of Modern Social Theory; Crash Course Economics; Open Yale ECON 252 — Financial Markets; Open Yale ECON 159 — Game Theory,https://oyc.yale.edu/sociology/socy-151; https://thecrashcourse.com/topic/economics/; https://oyc.yale.edu/economics/econ-252; https://oyc.yale.edu/economics/econ-159,Government; Labor; Wealth; Justice; Liberty; Progress; Prudence,Core (1952),
Not Started,23,1,23,Marx & Engels,Manifesto of the Communist Party,Focus: opening (question/terms); one central argument or turning point; a representative example/scene; closing resolution (Read whole; then re-read these anchors),Government; Justice; Labor; Revolution; Slavery; State; Wealth; Progress,OYC Foundations of Modern Social Theory — matching author/context lectures; then Crash Course Economics for the vocabulary.,Lecture cue — use/search: “Marx & Engels Manifesto of the Communist Party lecture”,"OYC Financial Markets or Game Theory — connect labor, wealth, exchange, institutions, conflict, and modern capitalism.","Watch for Government; Justice; Labor; Revolution: economic texts become philosophical when wealth, labor, power, and human motives are treated as one system.",OYC_SOCIAL; CRASH_ECON; OYC_FINANCE; OYC_GAME,Open Yale SOCY 151 — Foundations of Modern Social Theory; Crash Course Economics; Open Yale ECON 252 — Financial Markets; Open Yale ECON 159 — Game Theory,https://oyc.yale.edu/sociology/socy-151; https://thecrashcourse.com/topic/economics/; https://oyc.yale.edu/economics/econ-252; https://oyc.yale.edu/economics/econ-159,Government; Justice; Labor; Revolution; Slavery; State; Wealth; Progress,Core (1952),
Not Started,24,1,24,Tocqueville,Democracy in America,"Vol. 1, Part II, Ch. 6-8",Government; Citizen; Democracy; Law; Constitution; Custom and Convention; Liberty; State,OYC Political Philosophy — watch the matching author lectures; use Crash Course European History for state/revolution context.,Open Yale / lecture cue — use/search: “Tocqueville Democracy in America political philosophy lecture”,"Harvard Justice — connect sovereignty, consent, rights, equality, and democracy to live moral-political arguments.","Watch for Government; Citizen; Democracy; Law: modern politics asks what authority remains when custom, throne, church, and nature lose automatic command.",OYC_POLPHIL; OYC_SOCIAL; HARVARD_JUSTICE; CRASH_EURO,Open Yale PLSC 114 — Introduction to Political Philosophy; Open Yale SOCY 151 — Foundations of Modern Social Theory; Harvard Justice — Michael Sandel course videos; Crash Course European History,https://oyc.yale.edu/political-science/plsc-114; https://oyc.yale.edu/sociology/socy-151; https://justiceharvard.org/; https://www.youtube.com/playlist?list=PL8dPuuaLjXtMsMTfmRomkVQG8AqrAmJFX,Government; Citizen; Democracy; Law; State; Constitution; Custom and Convention; Liberty,Expansion (1990),
Not Started,25,1,25,Ibsen,The Master Builder,Focus: opening (question/terms); one central argument or turning point; a representative example/scene; closing resolution (Read whole; then re-read these anchors),Desire; Duty; Family; Good and Evil; God; Truth; Will; Religion,"Crash Course Theater and Drama — watch the period/genre episode: neoclassicism, realism, modern drama, epic theatre, or absurdism.",Stage production cue — use/search: “Ibsen The Master Builder full play performance or reputable stage excerpts”,Watch a production/interview on National Theatre at Home or Digital Theatre if available; compare text to performed timing.,"Watch for Desire; Duty; Family; Good and Evil: drama lets ideas happen between bodies, pauses, entrances, exits, costumes, and public judgment.",CRASH_THEATER; NT_AT_HOME; DIGITAL_THEATRE,Crash Course Theater and Drama; National Theatre at Home; Digital Theatre,https://thecrashcourse.com/topic/theaterdrama/; https://www.ntathome.com/; https://www.digitaltheatre.com/,Desire; Duty; Family; Good and Evil; Truth; Will; God; Religion,Expansion (1990),
Not Started,26,1,26,Schrödinger,What Is Life?,Focus: opening (question/terms); one central argument or turning point; a representative example/scene; closing resolution (Read whole; then re-read these anchors),Cause; Evolution; Life and Death; God; Nature; Science; Religion; Sin,MIT STS.002 — scientific revolution / natural philosophy context; then BBC Story of Science for the long arc of method and proof.,Lecture cue — use/search: “Schrödinger What Is Life? science history lecture”,"Use OYC Astrophysics, MIT Mechanics, or NOVA as appropriate to see the modern consequence of the model.","Watch for Cause; Evolution; Life and Death; God: science here changes what counts as explanation: model, measurement, experiment, law, and reality.",MIT_STS; BBC_STORY_SCI; OYC_ASTRO; PBS_NOVA_EINSTEIN,"MIT OCW STS.002 — Toward the Scientific Revolution; BBC — The Story of Science: Power, Proof and Passion; Open Yale ASTR 160 — Frontiers and Controversies in Astrophysics; NOVA — Inside Einstein's Mind",https://ocw.mit.edu/courses/sts-002-toward-the-scientific-revolution-fall-2003/; https://www.bbc.co.uk/programmes/b00s8gcf; https://oyc.yale.edu/astronomy/astr-160; https://www.pbs.org/video/nova-inside-einsteins-mind/,Cause; Evolution; Life and Death; Nature; Science; God; Religion; Sin,Expansion (1990),
Not Started,27,1,27,American Founding Documents,The Articles of Confederation,"Focus: Articles II-III, IX, XIII; compare to Constitution",Government; Law; Constitution; Citizen; Liberty; Democracy; Justice; State,"OYC American Revolution — lectures on independence, republicanism, and constitution-making.",Lecture cue — use/search: “The Articles of Confederation American founding lecture”,"Harvard Justice — connect rights, representation, federalism, liberty, equality, and public reason.",Watch for Government; Law; Constitution; Citizen: founding texts turn political philosophy into institutional design under pressure.,OYC_AMREV; OYC_POLPHIL; HARVARD_JUSTICE,Open Yale HIST 116 — The American Revolution; Open Yale PLSC 114 — Introduction to Political Philosophy; Harvard Justice — Michael Sandel course videos,https://oyc.yale.edu/history/hist-116; https://oyc.yale.edu/political-science/plsc-114; https://justiceharvard.org/,Government; Law; Constitution; State; Citizen; Liberty; Democracy; Justice,Core (1952),Place with Declaration/Constitution/Federalist
Not Started,28,1,28,Montesquieu,The Spirit of the Laws,Book I; Book XI; selections from Books VIII & XII,Law; Constitution; Government; Justice; Democracy; Liberty; State; Monarchy,OYC Political Philosophy — watch the matching author lectures; use Crash Course European History for state/revolution context.,Open Yale / lecture cue — use/search: “Montesquieu The Spirit of the Laws political philosophy lecture”,"Harvard Justice — connect sovereignty, consent, rights, equality, and democracy to live moral-political arguments.","Watch for Law; Constitution; Government; Justice: modern politics asks what authority remains when custom, throne, church, and nature lose automatic command.",OYC_POLPHIL; OYC_SOCIAL; HARVARD_JUSTICE; CRASH_EURO,Open Yale PLSC 114 — Introduction to Political Philosophy; Open Yale SOCY 151 — Foundations of Modern Social Theory; Harvard Justice — Michael Sandel course videos; Crash Course European History,https://oyc.yale.edu/political-science/plsc-114; https://oyc.yale.edu/sociology/socy-151; https://justiceharvard.org/; https://www.youtube.com/playlist?list=PL8dPuuaLjXtMsMTfmRomkVQG8AqrAmJFX,Law; Constitution; Government; Justice; State; Democracy; Liberty; Monarchy,Core (1952),Place with Founding Documents/constitutional thought
Not Started,29,2,1,Homer,The Iliad,Focus: Book 1 (wrath); Book 6 (Hector/Andromache); Book 22 (Hector's death); Book 24 (Priam/Achilles) (Read whole; then re-read these anchors),Courage; Desire; Fate; Honor; Justice; Life and Death; Love; War and Peace,"PBS Empires — The Greeks: Crucible of Civilization; then OYC Greek History opening lectures on the Bronze Age, Homeric world, and polis.","Overly Sarcastic Productions or a lecture source — use/search: “Homer The Iliad overview; then read with a map of gods, honor, guest-friendship, and homecoming”",Crash Course World History — use the Greece/Persia/polis videos to connect epic values to later civic politics.,"Watch for Courage; Desire; Fate; Honor: epic is the old operating system of honor, anger, hospitality, memory, fate, and divine order.",PBS_GREEKS; OYC_GREEK; OSP; CRASH_WORLD,"PBS Empires — The Greeks: Crucible of Civilization; Open Yale CLCV 205 — Introduction to Ancient Greek History; Overly Sarcastic Productions — mythology, classics, history, and literature videos; Crash Course World History",https://www.pbs.org/empires/thegreeks/; https://oyc.yale.edu/classics/clcv-205; https://www.overlysarcasticproductions.com/projects; https://www.youtube.com/playlist?list=PLBDA2E52FB1EF80C9,Courage; Desire; Fate; Honor; Justice; Life and Death; War and Peace; Love,Core (1952),
Not Started,30,2,2,Aeschylus,Agamemnon,Focus: prophecy & sacrifice backstory; justice theme; murder scene & aftermath (Read whole; then re-read these anchors),Justice; Law; Courage; Fate; Good and Evil; Punishment; War and Peace,"PBS Empires — The Greeks; then National Theatre — Greek Theatre Video Collection on tragedy, chorus, masks, and performance space.",Reading Greek Tragedy Online / National Theatre — use/search: “Aeschylus Agamemnon performance or staging discussion”,"Crash Course Theater and Drama — Greek tragedy episodes; connect stage conflict to law, family, fate, and civic order.",Watch for Justice; Law; Courage; Fate: tragedy makes an argument by forcing incompatible goods into the same public space.,PBS_GREEKS; NAT_GREEK; CHS_TRAGEDY; CRASH_THEATER,PBS Empires — The Greeks: Crucible of Civilization; National Theatre — Greek Theatre Video Collection; Reading Greek Tragedy Online — Center for Hellenic Studies / Out of Chaos; Crash Course Theater and Drama,https://www.pbs.org/empires/thegreeks/; https://www.nationaltheatre.org.uk/learn-explore/greek-theatre-video-collection/; https://chs.harvard.edu/programs/reading-greek-tragedy-online/; https://thecrashcourse.com/topic/theaterdrama/,Justice; Law; Punishment; Courage; Fate; Good and Evil; War and Peace,Core (1952),
Not Started,31,2,3,Aeschylus,Choephoroe,Focus: recognition; matricide decision; justice vs pollution (Read whole; then re-read these anchors),Justice; Law; Courage; Fate; Good and Evil; Punishment; War and Peace,"PBS Empires — The Greeks; then National Theatre — Greek Theatre Video Collection on tragedy, chorus, masks, and performance space.",Reading Greek Tragedy Online / National Theatre — use/search: “Aeschylus Choephoroe performance or staging discussion”,"Crash Course Theater and Drama — Greek tragedy episodes; connect stage conflict to law, family, fate, and civic order.",Watch for Justice; Law; Courage; Fate: tragedy makes an argument by forcing incompatible goods into the same public space.,PBS_GREEKS; NAT_GREEK; CHS_TRAGEDY; CRASH_THEATER,PBS Empires — The Greeks: Crucible of Civilization; National Theatre — Greek Theatre Video Collection; Reading Greek Tragedy Online — Center for Hellenic Studies / Out of Chaos; Crash Course Theater and Drama,https://www.pbs.org/empires/thegreeks/; https://www.nationaltheatre.org.uk/learn-explore/greek-theatre-video-collection/; https://chs.harvard.edu/programs/reading-greek-tragedy-online/; https://thecrashcourse.com/topic/theaterdrama/,Justice; Law; Punishment; Courage; Fate; Good and Evil; War and Peace,Core (1952),
Not Started,32,2,4,Aeschylus,Eumenides,Focus: trial of Orestes; transformation of the Furies; civic justice (Read whole; then re-read these anchors),Justice; Law; Courage; Fate; Good and Evil; Being; Punishment; War and Peace,"PBS Empires — The Greeks; then National Theatre — Greek Theatre Video Collection on tragedy, chorus, masks, and performance space.",Reading Greek Tragedy Online / National Theatre — use/search: “Aeschylus Eumenides performance or staging discussion”,"Crash Course Theater and Drama — Greek tragedy episodes; connect stage conflict to law, family, fate, and civic order.",Watch for Justice; Law; Courage; Fate: tragedy makes an argument by forcing incompatible goods into the same public space.,PBS_GREEKS; NAT_GREEK; CHS_TRAGEDY; CRASH_THEATER,PBS Empires — The Greeks: Crucible of Civilization; National Theatre — Greek Theatre Video Collection; Reading Greek Tragedy Online — Center for Hellenic Studies / Out of Chaos; Crash Course Theater and Drama,https://www.pbs.org/empires/thegreeks/; https://www.nationaltheatre.org.uk/learn-explore/greek-theatre-video-collection/; https://chs.harvard.edu/programs/reading-greek-tragedy-online/; https://thecrashcourse.com/topic/theaterdrama/,Justice; Law; Punishment; Courage; Fate; Good and Evil; War and Peace; Being,Core (1952),
Not Started,33,2,5,Sophocles,Oedipus the King,Focus: investigation logic; reversal/recognition; fate vs responsibility (Read whole; then re-read these anchors),Fate; Justice; Life and Death; Courage; Good and Evil; Law; Language; Punishment,"PBS Empires — The Greeks; then National Theatre — Greek Theatre Video Collection on tragedy, chorus, masks, and performance space.",Reading Greek Tragedy Online / National Theatre — use/search: “Sophocles Oedipus the King performance or staging discussion”,"Crash Course Theater and Drama — Greek tragedy episodes; connect stage conflict to law, family, fate, and civic order.",Watch for Fate; Justice; Life and Death; Courage: tragedy makes an argument by forcing incompatible goods into the same public space.,PBS_GREEKS; NAT_GREEK; CHS_TRAGEDY; CRASH_THEATER,PBS Empires — The Greeks: Crucible of Civilization; National Theatre — Greek Theatre Video Collection; Reading Greek Tragedy Online — Center for Hellenic Studies / Out of Chaos; Crash Course Theater and Drama,https://www.pbs.org/empires/thegreeks/; https://www.nationaltheatre.org.uk/learn-explore/greek-theatre-video-collection/; https://chs.harvard.edu/programs/reading-greek-tragedy-online/; https://thecrashcourse.com/topic/theaterdrama/,Fate; Justice; Life and Death; Courage; Good and Evil; Law; Punishment; Language,Core (1952),
Not Started,34,2,6,Sophocles,Antigone,Focus: divine vs civic law; Creon's reasoning; tragic consequence chain (Read whole; then re-read these anchors),Law; Justice; Courage; Fate; Good and Evil; Life and Death; Constitution; Punishment,"PBS Empires — The Greeks; then National Theatre — Greek Theatre Video Collection on tragedy, chorus, masks, and performance space.",Reading Greek Tragedy Online / National Theatre — use/search: “Sophocles Antigone performance or staging discussion”,"Crash Course Theater and Drama — Greek tragedy episodes; connect stage conflict to law, family, fate, and civic order.",Watch for Law; Justice; Courage; Fate: tragedy makes an argument by forcing incompatible goods into the same public space.,PBS_GREEKS; NAT_GREEK; CHS_TRAGEDY; CRASH_THEATER,PBS Empires — The Greeks: Crucible of Civilization; National Theatre — Greek Theatre Video Collection; Reading Greek Tragedy Online — Center for Hellenic Studies / Out of Chaos; Crash Course Theater and Drama,https://www.pbs.org/empires/thegreeks/; https://www.nationaltheatre.org.uk/learn-explore/greek-theatre-video-collection/; https://chs.harvard.edu/programs/reading-greek-tragedy-online/; https://thecrashcourse.com/topic/theaterdrama/,Law; Justice; Courage; Fate; Good and Evil; Life and Death; Punishment; Constitution,Core (1952),
Not Started,35,2,7,Herodotus,The History,Book I-II,Government; History; Cause; Chance; Custom and Convention; Fate; Law; War and Peace,"PBS Empires — The Greeks; then OYC Greek History lectures on Persian Wars, Athenian empire, Sparta, and the Peloponnesian War.",Open Yale Greek History — use/search: “Herodotus The History Persian Wars Peloponnesian War lecture”,Crash Course World History — Greece/Persia and classical empire videos; compare historical inquiry with mythic memory.,"Watch for Government; History; Cause; Chance: history appears when memory, power, causation, and political judgment start arguing with one another.",PBS_GREEKS; OYC_GREEK; CRASH_WORLD,PBS Empires — The Greeks: Crucible of Civilization; Open Yale CLCV 205 — Introduction to Ancient Greek History; Crash Course World History,https://www.pbs.org/empires/thegreeks/; https://oyc.yale.edu/classics/clcv-205; https://www.youtube.com/playlist?list=PLBDA2E52FB1EF80C9,Government; History; War and Peace; Cause; Chance; Custom and Convention; Fate; Law,Core (1952),
Not Started,36,2,8,Plato,Meno,Focus: opening (question/terms); one central argument or turning point; a representative example/scene; closing resolution (Read whole; then re-read these anchors),Dialectic; Education; Knowledge; Good and Evil; Government; Reasoning; Truth; Virtue and Vice,"OYC PLSC 114 — watch the opening lectures on Socrates, polis, justice, and philosophy as public danger.",Gregory B. Sadler — use/search: “Plato Meno text lecture core concepts”,Bryan Magee — Plato episode; then write the question Plato leaves harder than he found it.,Watch for Dialectic; Education; Knowledge; Good and Evil: Plato rarely hands you a doctrine first; he stages a soul learning how to ask.,OYC_POLPHIL; SADLER; MAGEE,Open Yale PLSC 114 — Introduction to Political Philosophy; Gregory B. Sadler — philosophy text lectures and core concepts; Bryan Magee — Great Philosophers / Men of Ideas interviews,https://oyc.yale.edu/political-science/plsc-114; https://www.youtube.com/@GregoryBSadler; https://www.openculture.com/2012/05/bryan_magees_in-depth_uncut_tv_conversations_with_famous_philosophers_1978-87.html,Dialectic; Education; Knowledge; Reasoning; Truth; Virtue and Vice; Good and Evil; Government,Core (1952),
Not Started,37,2,9,Aristotle,Poetics,Focus: opening (question/terms); one central argument or turning point; a representative example/scene; closing resolution (Read whole; then re-read these anchors),Art; Beauty; Definition; Emotion; Form; Government; Happiness; Poetry,"National Theatre Greek Theatre videos; then Crash Course Theater on tragedy, plot, rhetoric, and audience.",Gregory B. Sadler — use/search: “Aristotle Poetics lecture”,Compare the theory to a tragedy/comedy you just read: does Aristotle explain what the stage actually did to you?,Watch for Art; Beauty; Definition; Emotion: form is not decoration here; form is how action becomes intelligible.,NAT_GREEK; CRASH_THEATER; SADLER,National Theatre — Greek Theatre Video Collection; Crash Course Theater and Drama; Gregory B. Sadler — philosophy text lectures and core concepts,https://www.nationaltheatre.org.uk/learn-explore/greek-theatre-video-collection/; https://thecrashcourse.com/topic/theaterdrama/; https://www.youtube.com/@GregoryBSadler,Art; Beauty; Definition; Emotion; Form; Poetry; Government; Happiness,Core (1952),
Not Started,38,2,10,Aristotle,Nicomachean Ethics,"Book II; Book III, Ch. 5-12; Book VI, Ch. 8-13",Duty; Happiness; Justice; Pleasure and Pain; Prudence; Reasoning; Temperance; Virtue and Vice,OYC PLSC 114 — Aristotle/polis lectures; then Harvard Justice for the modern moral-political pressure points.,Gregory B. Sadler — use/search: “Aristotle Nicomachean Ethics text lecture”,Bryan Magee — Aristotle episode; compare Aristotle’s teleology with modern rights and utility.,Watch for Duty; Happiness; Justice; Pleasure and Pain: Aristotle begins from practices and asks what form of life lets a thing become itself.,OYC_POLPHIL; HARVARD_JUSTICE; SADLER; MAGEE,Open Yale PLSC 114 — Introduction to Political Philosophy; Harvard Justice — Michael Sandel course videos; Gregory B. Sadler — philosophy text lectures and core concepts; Bryan Magee — Great Philosophers / Men of Ideas interviews,https://oyc.yale.edu/political-science/plsc-114; https://justiceharvard.org/; https://www.youtube.com/@GregoryBSadler; https://www.openculture.com/2012/05/bryan_magees_in-depth_uncut_tv_conversations_with_famous_philosophers_1978-87.html,Duty; Happiness; Justice; Pleasure and Pain; Prudence; Reasoning; Temperance; Virtue and Vice,Core (1952),
Not Started,39,2,11,Nicomachus,Introduction to Arithmetic,Focus: opening (question/terms); one central argument or turning point; a representative example/scene; closing resolution (Read whole; then re-read these anchors),God; Religion; Sin; Truth,BBC Story of Maths — relevant ancient/geometry episode; then 3Blue1Brown or Numberphile for visual intuition.,Math lecture cue — use/search: “Nicomachus Introduction to Arithmetic explanation”,"MIT STS.002 — connect proof and mathematical form to astronomy, mechanics, and natural philosophy.",Watch for God; Religion; Sin; Truth: mathematics gives the conversation a different kind of necessity: demonstration rather than persuasion.,STORY_MATHS; THREEB1B; NUMBERPHILE; MIT_STS,BBC — The Story of Maths; 3Blue1Brown; Numberphile; MIT OCW STS.002 — Toward the Scientific Revolution,https://www.bbc.co.uk/programmes/b00dxjls; https://www.3blue1brown.com/; https://www.numberphile.com/; https://ocw.mit.edu/courses/sts-002-toward-the-scientific-revolution-fall-2003/,God; Religion; Sin; Truth,Core (1952),
Not Started,40,2,12,Lucretius,On the Nature of Things,Book I-IV,Nature; Physics; Science; Truth,MIT STS.002 — ancient natural philosophy and atomism context; then BBC Story of Science for nature without mythic explanation.,Gregory B. Sadler — use/search: “Lucretius On the Nature of Things lecture Epicurean atomism”,"Bryan Magee / philosophy overview on Epicureanism and materialism; compare pleasure, fear, death, chance, and nature.",Watch for Nature; Physics; Science; Truth: Lucretius tries to cure fear by making nature intelligible without providence.,MIT_STS; BBC_STORY_SCI; SADLER; MAGEE,"MIT OCW STS.002 — Toward the Scientific Revolution; BBC — The Story of Science: Power, Proof and Passion; Gregory B. Sadler — philosophy text lectures and core concepts; Bryan Magee — Great Philosophers / Men of Ideas interviews",https://ocw.mit.edu/courses/sts-002-toward-the-scientific-revolution-fall-2003/; https://www.bbc.co.uk/programmes/b00s8gcf; https://www.youtube.com/@GregoryBSadler; https://www.openculture.com/2012/05/bryan_magees_in-depth_uncut_tv_conversations_with_famous_philosophers_1978-87.html,Nature; Physics; Science; Truth,Core (1952),
Not Started,41,2,13,Marcus Aurelius,Meditations,Focus: discipline of assent; impermanence; duty; cosmopolitanism (Read whole; then re-read these anchors),Knowledge; Justice; Truth; Reasoning,"Watch a Stoicism overview from Gregory B. Sadler; then use OYC Political Philosophy for virtue, law, and citizenship background.",Gregory B. Sadler — use/search: “Marcus Aurelius Meditations Stoicism lecture”,"Use Bryan Magee or another ancient-philosophy overview to compare Stoic freedom with Plato, Aristotle, and Christianity.",Watch for Knowledge; Justice; Truth; Reasoning: Stoicism relocates freedom into judgment when outer circumstances cannot be ruled.,SADLER; MAGEE; OYC_POLPHIL,Gregory B. Sadler — philosophy text lectures and core concepts; Bryan Magee — Great Philosophers / Men of Ideas interviews; Open Yale PLSC 114 — Introduction to Political Philosophy,https://www.youtube.com/@GregoryBSadler; https://www.openculture.com/2012/05/bryan_magees_in-depth_uncut_tv_conversations_with_famous_philosophers_1978-87.html; https://oyc.yale.edu/political-science/plsc-114,Truth; Knowledge; Reasoning; Justice,Core (1952),
Not Started,42,2,14,Hobbes,Leviathan,Part I,Government; Justice; Law; Liberty; Art; Necessity and Contingency; State; Tyranny and Despotism,OYC Political Philosophy — watch the matching author lectures; use Crash Course European History for state/revolution context.,Open Yale / lecture cue — use/search: “Hobbes Leviathan political philosophy lecture”,"Harvard Justice — connect sovereignty, consent, rights, equality, and democracy to live moral-political arguments.","Watch for Government; Justice; Law; Liberty: modern politics asks what authority remains when custom, throne, church, and nature lose automatic command.",OYC_POLPHIL; OYC_SOCIAL; HARVARD_JUSTICE; CRASH_EURO,Open Yale PLSC 114 — Introduction to Political Philosophy; Open Yale SOCY 151 — Foundations of Modern Social Theory; Harvard Justice — Michael Sandel course videos; Crash Course European History,https://oyc.yale.edu/political-science/plsc-114; https://oyc.yale.edu/sociology/socy-151; https://justiceharvard.org/; https://www.youtube.com/playlist?list=PL8dPuuaLjXtMsMTfmRomkVQG8AqrAmJFX,Government; Justice; Law; Liberty; Necessity and Contingency; State; Tyranny and Despotism; Art,Core (1952),
Not Started,43,2,15,Milton,Areopagitica,Focus: argument against licensing; truth/testing; speech & conscience (Read whole; then re-read these anchors),Government; Law; Liberty; Religion; Sin; Truth; Poetry; Science,OYC Milton — introductory lecture; then Rick Steves Luther for Reformation context.,Open Yale Milton — use/search: “Areopagitica lecture”,"BBC Civilisation — Reformation/English liberty context; ask how epic, conscience, and political freedom meet.","Watch for Government; Law; Liberty; Religion: Milton turns theology into a test of language, liberty, obedience, and imagination.",OYC_MILTON; RICK_STEVES_LUTHER; BBC_CIVILISATION,Open Yale ENGL 220 — Milton; Rick Steves — Luther and the Reformation; Kenneth Clark — Civilisation,https://oyc.yale.edu/english/engl-220; https://www.ricksteves.com/watch-read-listen/video/tv-show/tv-specials/luther; https://www.bbcselect.com/watch/civilisation/,Religion; Sin; Truth; Government; Law; Liberty; Poetry; Science,Core (1952),
Not Started,44,2,16,Pascal,Pensées,Selected numbers (as listed),Chance; God; Infinity; Reasoning; Religion; Theology; Truth; Will,Rick Steves Luther and BBC Civilisation — Reformation/Counter-Reformation world before Pascal’s religious psychology.,Lecture cue — use/search: “Pascal Pensées lecture Pensées”,"Bryan Magee or philosophy lecture on faith/reason; compare geometry, heart, misery, greatness, and wager.",Watch for Chance; God; Infinity; Reasoning: Pascal makes reason powerful enough to discover its own limit.,RICK_STEVES_LUTHER; BBC_CIVILISATION; SADLER; MAGEE,Rick Steves — Luther and the Reformation; Kenneth Clark — Civilisation; Gregory B. Sadler — philosophy text lectures and core concepts; Bryan Magee — Great Philosophers / Men of Ideas interviews,https://www.ricksteves.com/watch-read-listen/video/tv-show/tv-specials/luther; https://www.bbcselect.com/watch/civilisation/; https://www.youtube.com/@GregoryBSadler; https://www.openculture.com/2012/05/bryan_magees_in-depth_uncut_tv_conversations_with_famous_philosophers_1978-87.html,Chance; God; Infinity; Reasoning; Religion; Theology; Truth; Will,Core (1952),
Not Started,45,2,17,Pascal,Treatise on the Arithmetical Triangle,Focus: opening (question/terms); one central argument or turning point; a representative example/scene; closing resolution (Read whole; then re-read these anchors),God; Chance; Infinity; Religion; Reasoning; Theology; Truth; Will,BBC Story of Maths or 3Blue1Brown — probability/geometry background; then MIT STS for early modern method.,Lecture cue — use/search: “Pascal Treatise on the Arithmetical Triangle mathematics science lecture”,"BBC Story of Science — connect proof, experiment, probability, faith, and wager.",Watch for God; Chance; Infinity; Religion: Pascal lives at the hinge where mathematical clarity intensifies existential uncertainty.,STORY_MATHS; THREEB1B; MIT_STS; BBC_STORY_SCI,"BBC — The Story of Maths; 3Blue1Brown; MIT OCW STS.002 — Toward the Scientific Revolution; BBC — The Story of Science: Power, Proof and Passion",https://www.bbc.co.uk/programmes/b00dxjls; https://www.3blue1brown.com/; https://ocw.mit.edu/courses/sts-002-toward-the-scientific-revolution-fall-2003/; https://www.bbc.co.uk/programmes/b00s8gcf,God; Religion; Chance; Infinity; Reasoning; Theology; Truth; Will,Core (1952),
Not Started,46,2,18,Swift,Gulliver's Travels,Focus: Lilliput (politics); Brobdingnag (morality); Laputa (science satire); Houyhnhnms (human nature) (Read whole; then re-read these anchors),Hypothesis; Induction; Science; Physics; Nature,BBC Civilisation / Crash Course European History on Enlightenment satire and empire.,Lecture cue — use/search: “Swift Gulliver's Travels lecture satire”,"Crash Course Literature if available; connect reason, pride, empire, science, and disgust.",Watch for Hypothesis; Induction; Science; Physics: Swift makes rational pride look insane by taking it literally.,BBC_CIVILISATION; CRASH_LIT; CRASH_EURO,Kenneth Clark — Civilisation; Crash Course Literature; Crash Course European History,https://www.bbcselect.com/watch/civilisation/; https://thecrashcourse.com/topic/literature/; https://www.youtube.com/playlist?list=PL8dPuuaLjXtMsMTfmRomkVQG8AqrAmJFX,Science; Hypothesis; Physics; Induction; Nature,Core (1952),
Not Started,47,2,19,Rousseau,A Discourse on the Origin of Inequality,Focus: opening (question/terms); one central argument or turning point; a representative example/scene; closing resolution (Read whole; then re-read these anchors),Citizen; Democracy; Government; Justice; Law; Liberty; Revolution; State,OYC Political Philosophy — watch the matching author lectures; use Crash Course European History for state/revolution context.,Open Yale / lecture cue — use/search: “Rousseau A Discourse on the Origin of Inequality political philosophy lecture”,"Harvard Justice — connect sovereignty, consent, rights, equality, and democracy to live moral-political arguments.","Watch for Citizen; Democracy; Government; Justice: modern politics asks what authority remains when custom, throne, church, and nature lose automatic command.",OYC_POLPHIL; OYC_SOCIAL; HARVARD_JUSTICE; CRASH_EURO,Open Yale PLSC 114 — Introduction to Political Philosophy; Open Yale SOCY 151 — Foundations of Modern Social Theory; Harvard Justice — Michael Sandel course videos; Crash Course European History,https://oyc.yale.edu/political-science/plsc-114; https://oyc.yale.edu/sociology/socy-151; https://justiceharvard.org/; https://www.youtube.com/playlist?list=PL8dPuuaLjXtMsMTfmRomkVQG8AqrAmJFX,Citizen; Democracy; Government; Justice; Law; Liberty; Revolution; State,Core (1952),
Not Started,48,2,20,Kant,Fundamental Principles of the Metaphysic of Morals,Focus: opening (question/terms); one central argument or turning point; a representative example/scene; closing resolution (Read whole; then re-read these anchors),Duty; Justice; Law; Liberty; Judgment; Virtue and Vice; Will; Metaphysics,"Bryan Magee — watch the matching philosopher/tradition episode first, or OYC Theory for the interpretive frame.",Gregory B. Sadler — use/search: “Kant Fundamental Principles of the Metaphysic of Morals lecture”,"Return to Magee/OYC Theory; locate the break: certainty, substance, freedom, history, language, being, or value.",Watch for Duty; Justice; Law; Liberty: modern philosophy often begins when inherited certainty becomes a problem rather than a possession.,OYC_POLPHIL; MAGEE; SADLER; OYC_THEORY; HARVARD_JUSTICE,Open Yale PLSC 114 — Introduction to Political Philosophy; Bryan Magee — Great Philosophers / Men of Ideas interviews; Gregory B. Sadler — philosophy text lectures and core concepts; Open Yale ENGL 300 — Introduction to Theory of Literature; Harvard Justice — Michael Sandel course videos,https://oyc.yale.edu/political-science/plsc-114; https://www.openculture.com/2012/05/bryan_magees_in-depth_uncut_tv_conversations_with_famous_philosophers_1978-87.html; https://www.youtube.com/@GregoryBSadler; https://oyc.yale.edu/english/engl-300; https://justiceharvard.org/,Duty; Justice; Law; Liberty; Virtue and Vice; Will; Judgment; Metaphysics,Core (1952),
Not Started,49,2,21,Mill,On Liberty,Focus: opening (question/terms); one central argument or turning point; a representative example/scene; closing resolution (Read whole; then re-read these anchors),Government; Law; Liberty; Custom and Convention; Justice; Democracy; Happiness; Opinion,"OYC Political Philosophy / Social Theory context for liberalism, utility, liberty, and representative government.",Lecture cue — use/search: “John Stuart Mill On Liberty lecture”,"Harvard Justice — utility, liberty, rights, equality; ask where individual freedom meets public good.",Watch for Government; Law; Liberty; Custom and Convention: Mill forces the liberal tradition to defend freedom without pretending society has no claim on the self.,OYC_POLPHIL; HARVARD_JUSTICE; SADLER; OYC_SOCIAL,Open Yale PLSC 114 — Introduction to Political Philosophy; Harvard Justice — Michael Sandel course videos; Gregory B. Sadler — philosophy text lectures and core concepts; Open Yale SOCY 151 — Foundations of Modern Social Theory,https://oyc.yale.edu/political-science/plsc-114; https://justiceharvard.org/; https://www.youtube.com/@GregoryBSadler; https://oyc.yale.edu/sociology/socy-151,Government; Law; Liberty; Custom and Convention; Justice; Opinion; Democracy; Happiness,Core (1952),
Not Started,50,2,22,Voltaire,Candide,Focus: optimism vs suffering; Lisbon; El Dorado; 'cultivate our garden' (Read whole; then re-read these anchors),Knowledge; Justice; Truth; Reasoning,"Crash Course European History — Enlightenment episodes; then BBC Civilisation for salons, satire, and reason.",Lecture cue — use/search: “Voltaire Candide Enlightenment satire lecture”,"OYC European Civilization — connect wit, skepticism, toleration, and progress to revolution.",Watch for Knowledge; Justice; Truth; Reasoning: Enlightenment satire attacks cruelty by making absurdity visible.,CRASH_EURO; BBC_CIVILISATION; OYC_EUROCIV,"Crash Course European History; Kenneth Clark — Civilisation; Open Yale HIST 202 — European Civilization, 1648–1945",https://www.youtube.com/playlist?list=PL8dPuuaLjXtMsMTfmRomkVQG8AqrAmJFX; https://www.bbcselect.com/watch/civilisation/; https://oyc.yale.edu/history/hist-202,Truth; Knowledge; Reasoning; Justice,Expansion (1990),
Not Started,51,2,23,Nietzsche,Beyond Good and Evil,Focus: critique of morality; perspectivism; free spirits; power psychology (Read whole; then re-read these anchors),Good and Evil; Reasoning; Truth; Virtue and Vice; Will; Wisdom,"Bryan Magee — watch the matching philosopher/tradition episode first, or OYC Theory for the interpretive frame.",Gregory B. Sadler — use/search: “Nietzsche Beyond Good and Evil lecture”,"Return to Magee/OYC Theory; locate the break: certainty, substance, freedom, history, language, being, or value.",Watch for Good and Evil; Reasoning; Truth; Virtue and Vice: modern philosophy often begins when inherited certainty becomes a problem rather than a possession.,MAGEE; SADLER; OYC_THEORY,Bryan Magee — Great Philosophers / Men of Ideas interviews; Gregory B. Sadler — philosophy text lectures and core concepts; Open Yale ENGL 300 — Introduction to Theory of Literature,https://www.openculture.com/2012/05/bryan_magees_in-depth_uncut_tv_conversations_with_famous_philosophers_1978-87.html; https://www.youtube.com/@GregoryBSadler; https://oyc.yale.edu/english/engl-300,Good and Evil; Reasoning; Truth; Virtue and Vice; Will; Wisdom,Expansion (1990),
Not Started,52,2,24,Whitehead,Science and the Modern World,Ch. I-VI,Hypothesis; Induction; Science; Mathematics; Nature; Philosophy; Progress; Reasoning,"Bryan Magee — watch the matching philosopher/tradition episode first, or OYC Theory for the interpretive frame.",Gregory B. Sadler — use/search: “Whitehead Science and the Modern World lecture”,"Return to Magee/OYC Theory; locate the break: certainty, substance, freedom, history, language, being, or value.",Watch for Hypothesis; Induction; Science; Mathematics: modern philosophy often begins when inherited certainty becomes a problem rather than a possession.,MAGEE; SADLER; OYC_THEORY,Bryan Magee — Great Philosophers / Men of Ideas interviews; Gregory B. Sadler — philosophy text lectures and core concepts; Open Yale ENGL 300 — Introduction to Theory of Literature,https://www.openculture.com/2012/05/bryan_magees_in-depth_uncut_tv_conversations_with_famous_philosophers_1978-87.html; https://www.youtube.com/@GregoryBSadler; https://oyc.yale.edu/english/engl-300,Science; Mathematics; Nature; Philosophy; Progress; Reasoning; Hypothesis; Induction,Expansion (1990),
Not Started,53,2,25,Diderot,Rameau's Nephew,Focus: major turns on genius/morality; satire of society; ending exchange,Knowledge; Justice; Truth; Reasoning,"Crash Course European History — Enlightenment episodes; then BBC Civilisation for salons, satire, and reason.",Lecture cue — use/search: “Diderot Rameau's Nephew Enlightenment satire lecture”,"OYC European Civilization — connect wit, skepticism, toleration, and progress to revolution.",Watch for Knowledge; Justice; Truth; Reasoning: Enlightenment satire attacks cruelty by making absurdity visible.,CRASH_EURO; BBC_CIVILISATION; OYC_EUROCIV,"Crash Course European History; Kenneth Clark — Civilisation; Open Yale HIST 202 — European Civilization, 1648–1945",https://www.youtube.com/playlist?list=PL8dPuuaLjXtMsMTfmRomkVQG8AqrAmJFX; https://www.bbcselect.com/watch/civilisation/; https://oyc.yale.edu/history/hist-202,Truth; Knowledge; Reasoning; Justice,Expansion (1990),Enlightenment dialogue near Voltaire/Rousseau
Not Started,54,3,1,Aeschylus,Prometheus Bound,Focus: tyranny vs justice; suffering as resistance; knowledge/power tradeoffs (Read whole; then re-read these anchors),Law; Justice; Courage; Fate; Good and Evil; Government; Punishment; State,"PBS Empires — The Greeks; then National Theatre — Greek Theatre Video Collection on tragedy, chorus, masks, and performance space.",Reading Greek Tragedy Online / National Theatre — use/search: “Aeschylus Prometheus Bound performance or staging discussion”,"Crash Course Theater and Drama — Greek tragedy episodes; connect stage conflict to law, family, fate, and civic order.",Watch for Law; Justice; Courage; Fate: tragedy makes an argument by forcing incompatible goods into the same public space.,PBS_GREEKS; NAT_GREEK; CHS_TRAGEDY; CRASH_THEATER,PBS Empires — The Greeks: Crucible of Civilization; National Theatre — Greek Theatre Video Collection; Reading Greek Tragedy Online — Center for Hellenic Studies / Out of Chaos; Crash Course Theater and Drama,https://www.pbs.org/empires/thegreeks/; https://www.nationaltheatre.org.uk/learn-explore/greek-theatre-video-collection/; https://chs.harvard.edu/programs/reading-greek-tragedy-online/; https://thecrashcourse.com/topic/theaterdrama/,Law; Justice; Punishment; Courage; Fate; Good and Evil; Government; State,Core (1952),
Not Started,55,3,2,Herodotus,The History,Book VII-IX,Government; History; Cause; Chance; Custom and Convention; Fate; Law; War and Peace,"PBS Empires — The Greeks; then OYC Greek History lectures on Persian Wars, Athenian empire, Sparta, and the Peloponnesian War.",Open Yale Greek History — use/search: “Herodotus The History Persian Wars Peloponnesian War lecture”,Crash Course World History — Greece/Persia and classical empire videos; compare historical inquiry with mythic memory.,"Watch for Government; History; Cause; Chance: history appears when memory, power, causation, and political judgment start arguing with one another.",PBS_GREEKS; OYC_GREEK; CRASH_WORLD,PBS Empires — The Greeks: Crucible of Civilization; Open Yale CLCV 205 — Introduction to Ancient Greek History; Crash Course World History,https://www.pbs.org/empires/thegreeks/; https://oyc.yale.edu/classics/clcv-205; https://www.youtube.com/playlist?list=PLBDA2E52FB1EF80C9,Government; History; War and Peace; Cause; Chance; Custom and Convention; Fate; Law,Core (1952),
Not Started,56,3,3,Thucydides,The History of the Peloponnesian War,"Book I-II, V",Government; Honor; Cause; Justice; Courage; War and Peace; State; Tyranny and Despotism,"PBS Empires — The Greeks; then OYC Greek History lectures on Persian Wars, Athenian empire, Sparta, and the Peloponnesian War.",Open Yale Greek History — use/search: “Thucydides The History of the Peloponnesian War Persian Wars Peloponnesian War lecture”,Crash Course World History — Greece/Persia and classical empire videos; compare historical inquiry with mythic memory.,"Watch for Government; Honor; Cause; Justice: history appears when memory, power, causation, and political judgment start arguing with one another.",PBS_GREEKS; OYC_GREEK; CRASH_WORLD,PBS Empires — The Greeks: Crucible of Civilization; Open Yale CLCV 205 — Introduction to Ancient Greek History; Crash Course World History,https://www.pbs.org/empires/thegreeks/; https://oyc.yale.edu/classics/clcv-205; https://www.youtube.com/playlist?list=PLBDA2E52FB1EF80C9,War and Peace; Government; Honor; Cause; Justice; State; Tyranny and Despotism; Courage,Core (1952),
Not Started,57,3,4,Plato,Statesman,Focus: the 'weaving' metaphor; true statesmanship vs law; regimes (Read whole; then re-read these anchors),Law; Government; Justice; Dialectic; Education; Good and Evil; Knowledge; Love,"OYC PLSC 114 — watch the opening lectures on Socrates, polis, justice, and philosophy as public danger.",Gregory B. Sadler — use/search: “Plato Statesman text lecture core concepts”,Bryan Magee — Plato episode; then write the question Plato leaves harder than he found it.,Watch for Law; Government; Justice; Dialectic: Plato rarely hands you a doctrine first; he stages a soul learning how to ask.,OYC_POLPHIL; SADLER; MAGEE,Open Yale PLSC 114 — Introduction to Political Philosophy; Gregory B. Sadler — philosophy text lectures and core concepts; Bryan Magee — Great Philosophers / Men of Ideas interviews,https://oyc.yale.edu/political-science/plsc-114; https://www.youtube.com/@GregoryBSadler; https://www.openculture.com/2012/05/bryan_magees_in-depth_uncut_tv_conversations_with_famous_philosophers_1978-87.html,Law; Government; Justice; Dialectic; Education; Good and Evil; Knowledge; Love,Core (1952),
Not Started,58,3,5,Aristotle,On Interpretation,Ch. 1-10,Government; Happiness; Justice; Law; Logic; Nature; Reasoning; Science,OYC PLSC 114 — Aristotle/polis context; then Bryan Magee for the philosopher’s overall architecture.,Gregory B. Sadler — use/search: “Aristotle On Interpretation lecture”,"Trace the terms Aristotle gives later thinkers: category, cause, substance, habit, virtue, and reason.","Watch for Government; Happiness; Justice; Law: Aristotle supplies grammar for the conversation: what kind of thing is this, and what is it for?",SADLER; MAGEE; OYC_POLPHIL,Gregory B. Sadler — philosophy text lectures and core concepts; Bryan Magee — Great Philosophers / Men of Ideas interviews; Open Yale PLSC 114 — Introduction to Political Philosophy,https://www.youtube.com/@GregoryBSadler; https://www.openculture.com/2012/05/bryan_magees_in-depth_uncut_tv_conversations_with_famous_philosophers_1978-87.html; https://oyc.yale.edu/political-science/plsc-114,Government; Happiness; Justice; Law; Logic; Nature; Reasoning; Science,Core (1952),
Not Started,59,3,6,Aristotle,Politics,Book III-V,Aristocracy; Citizen; Constitution; Democracy; Government; Law; Monarchy; Oligarchy,OYC PLSC 114 — Aristotle/polis lectures; then Harvard Justice for the modern moral-political pressure points.,Gregory B. Sadler — use/search: “Aristotle Politics text lecture”,Bryan Magee — Aristotle episode; compare Aristotle’s teleology with modern rights and utility.,Watch for Aristocracy; Citizen; Constitution; Democracy: Aristotle begins from practices and asks what form of life lets a thing become itself.,OYC_POLPHIL; HARVARD_JUSTICE; SADLER; MAGEE,Open Yale PLSC 114 — Introduction to Political Philosophy; Harvard Justice — Michael Sandel course videos; Gregory B. Sadler — philosophy text lectures and core concepts; Bryan Magee — Great Philosophers / Men of Ideas interviews,https://oyc.yale.edu/political-science/plsc-114; https://justiceharvard.org/; https://www.youtube.com/@GregoryBSadler; https://www.openculture.com/2012/05/bryan_magees_in-depth_uncut_tv_conversations_with_famous_philosophers_1978-87.html,Aristocracy; Citizen; Constitution; Democracy; Government; Law; Monarchy; Oligarchy,Core (1952),
Not Started,60,3,7,Euclid,Elements,Book I,Knowledge; Justice; Truth; Reasoning,BBC Story of Maths — relevant ancient/geometry episode; then 3Blue1Brown or Numberphile for visual intuition.,Math lecture cue — use/search: “Euclid Elements explanation”,"MIT STS.002 — connect proof and mathematical form to astronomy, mechanics, and natural philosophy.",Watch for Knowledge; Justice; Truth; Reasoning: mathematics gives the conversation a different kind of necessity: demonstration rather than persuasion.,STORY_MATHS; THREEB1B; NUMBERPHILE; MIT_STS,BBC — The Story of Maths; 3Blue1Brown; Numberphile; MIT OCW STS.002 — Toward the Scientific Revolution,https://www.bbc.co.uk/programmes/b00dxjls; https://www.3blue1brown.com/; https://www.numberphile.com/; https://ocw.mit.edu/courses/sts-002-toward-the-scientific-revolution-fall-2003/,Truth; Knowledge; Reasoning; Justice,Core (1952),
Not Started,61,3,8,Tacitus,The Annals,Focus: power/tyranny dynamics; corruption; Tacitean irony (sample early books + key episodes) (Read whole; then re-read these anchors),Government; Law; State; Tyranny and Despotism,Crash Course World History — Roman Republic/Roman Empire context; then OYC Roman Architecture for empire as a visible political order.,Lecture/documentary cue — use/search: “Tacitus The Annals Rome virtue empire decline”,BBC Civilisation or OYC European Civilization — use the fall/legacy of Rome as the bridge to Christianity and modern Europe.,"Watch for Government; Law; State; Tyranny and Despotism: Rome turns character into public consequence: virtue, ambition, empire, decay, and institutional memory.",CRASH_WORLD; OYC_ROMANARCH; OYC_EUROCIV; BBC_CIVILISATION,"Crash Course World History; Open Yale HSAR 252 — Roman Architecture; Open Yale HIST 202 — European Civilization, 1648–1945; Kenneth Clark — Civilisation",https://www.youtube.com/playlist?list=PLBDA2E52FB1EF80C9; https://oyc.yale.edu/history-of-art/hsar-252; https://oyc.yale.edu/history/hist-202; https://www.bbcselect.com/watch/civilisation/,Government; State; Law; Tyranny and Despotism,Core (1952),
Not Started,62,3,9,St. Thomas Aquinas,Summa Theologica,"Part I-II, QQ 90-97",God; Justice; Law; Reasoning; Soul; Theology; Truth; Virtue and Vice,BBC Civilisation — medieval world; then Dante in Translation for the theological-cosmic imagination Aquinas inhabits.,Gregory B. Sadler — use/search: “St. Thomas Aquinas Summa Theologica lecture”,"Bryan Magee / medieval philosophy episode; map reason, revelation, law, soul, and being.",Watch for God; Justice; Law; Reasoning: the medieval move is not anti-reason; it is reason asking where its authority comes from.,BBC_CIVILISATION; SADLER; MAGEE; OYC_DANTE,Kenneth Clark — Civilisation; Gregory B. Sadler — philosophy text lectures and core concepts; Bryan Magee — Great Philosophers / Men of Ideas interviews; Open Yale ITAL 310 — Dante in Translation,https://www.bbcselect.com/watch/civilisation/; https://www.youtube.com/@GregoryBSadler; https://www.openculture.com/2012/05/bryan_magees_in-depth_uncut_tv_conversations_with_famous_philosophers_1978-87.html; https://oyc.yale.edu/italian-language-and-literature/ital-310,Reasoning; God; Justice; Law; Soul; Theology; Truth; Virtue and Vice,Core (1952),
Not Started,63,3,10,Chaucer,Troilus and Cressida,Focus: love vs honor; war cynicism; rhetoric of value (Read whole; then re-read these anchors),Courage; Honor; Beauty; Desire; Language; Love; War and Peace; Opinion,BBC Civilisation — medieval context; then Crash Course Literature for medieval/early English literary framing.,Lecture/performance cue — use/search: “Chaucer Troilus and Cressida overview performance”,Compare Chaucer’s social voices with Dante’s ordered cosmos and later novelistic realism.,"Watch for Courage; Honor; Beauty; Desire: Chaucer turns pilgrimage into a social laboratory of class, speech, sex, money, and moral performance.",BBC_CIVILISATION; CRASH_LIT; CRASH_THEATER,Kenneth Clark — Civilisation; Crash Course Literature; Crash Course Theater and Drama,https://www.bbcselect.com/watch/civilisation/; https://thecrashcourse.com/topic/literature/; https://thecrashcourse.com/topic/theaterdrama/,Courage; Honor; War and Peace; Beauty; Desire; Language; Love; Opinion,Core (1952),
Not Started,64,3,11,Shakespeare,Macbeth,Focus: Act I (witches); Act II (murder); Act V (downfall); ambition & guilt (Read whole; then re-read these anchors),Desire; Emotion; Fate; Good and Evil; Justice; Love; Tyranny and Despotism; War and Peace,"RSC Shakespeare Learning Zone — Macbeth; watch plot, characters, and key scenes before reading.","Watch a staged production through RSC Watch Online, Globe Player, Digital Theatre, or another reputable production source: Macbeth.","Crash Course Literature/Theater — use the genre context: tragedy, comedy, history play, rhetoric, or political theatre.",Watch for Desire; Emotion; Fate; Good and Evil: Shakespeare makes public order and private speech collide inside the same human voice.,RSC_LEARN; RSC_STREAM; GLOBE_PLAYER; CRASH_LIT; CRASH_THEATER,Royal Shakespeare Company — Shakespeare Learning Zone; Royal Shakespeare Company — Watch Online; Shakespeare's Globe Player; Crash Course Literature; Crash Course Theater and Drama,https://www.rsc.org.uk/shakespeare-learning-zone; https://www.rsc.org.uk/watch-online; https://player.shakespearesglobe.com/; https://thecrashcourse.com/topic/literature/; https://thecrashcourse.com/topic/theaterdrama/,Desire; Emotion; Fate; Good and Evil; Justice; Love; Tyranny and Despotism; War and Peace,Core (1952),
Not Started,65,3,12,Milton,Paradise Lost,Focus: Books I-II (fall); IV (Eden); IX (temptation); XII (history & hope) (Read whole; then re-read these anchors),Government; Law; Liberty; History; Poetry; Religion; Sin; Truth,OYC Milton — introductory lecture; then Rick Steves Luther for Reformation context.,Open Yale Milton — use/search: “Paradise Lost lecture”,"BBC Civilisation — Reformation/English liberty context; ask how epic, conscience, and political freedom meet.","Watch for Government; Law; Liberty; History: Milton turns theology into a test of language, liberty, obedience, and imagination.",OYC_MILTON; RICK_STEVES_LUTHER; BBC_CIVILISATION,Open Yale ENGL 220 — Milton; Rick Steves — Luther and the Reformation; Kenneth Clark — Civilisation,https://oyc.yale.edu/english/engl-220; https://www.ricksteves.com/watch-read-listen/video/tv-show/tv-specials/luther; https://www.bbcselect.com/watch/civilisation/,Government; Law; Liberty; Poetry; Religion; Sin; Truth; History,Core (1952),
Not Started,66,3,13,Locke,An Essay Concerning Human Understanding,"Book III, Ch. 1-3, 9-11",Constitution; Experience; Government; Justice; Knowledge; Law; Liberty; Reasoning,OYC Political Philosophy — watch the matching author lectures; use Crash Course European History for state/revolution context.,Open Yale / lecture cue — use/search: “Locke An Essay Concerning Human Understanding political philosophy lecture”,"Harvard Justice — connect sovereignty, consent, rights, equality, and democracy to live moral-political arguments.","Watch for Constitution; Experience; Government; Justice: modern politics asks what authority remains when custom, throne, church, and nature lose automatic command.",OYC_POLPHIL; OYC_SOCIAL; HARVARD_JUSTICE; CRASH_EURO,Open Yale PLSC 114 — Introduction to Political Philosophy; Open Yale SOCY 151 — Foundations of Modern Social Theory; Harvard Justice — Michael Sandel course videos; Crash Course European History,https://oyc.yale.edu/political-science/plsc-114; https://oyc.yale.edu/sociology/socy-151; https://justiceharvard.org/; https://www.youtube.com/playlist?list=PL8dPuuaLjXtMsMTfmRomkVQG8AqrAmJFX,Constitution; Experience; Government; Justice; Knowledge; Law; Liberty; Reasoning,Core (1952),
Not Started,67,3,14,Kant,Science of Right,Focus: opening (question/terms); one central argument or turning point; a representative example/scene; closing resolution (Read whole; then re-read these anchors),Duty; Judgment; Law; Liberty; Metaphysics; Reasoning; Science; Truth,"Bryan Magee — watch the matching philosopher/tradition episode first, or OYC Theory for the interpretive frame.",Gregory B. Sadler — use/search: “Kant Science of Right lecture”,"Return to Magee/OYC Theory; locate the break: certainty, substance, freedom, history, language, being, or value.",Watch for Duty; Judgment; Law; Liberty: modern philosophy often begins when inherited certainty becomes a problem rather than a possession.,OYC_POLPHIL; MAGEE; SADLER; OYC_THEORY; HARVARD_JUSTICE,Open Yale PLSC 114 — Introduction to Political Philosophy; Bryan Magee — Great Philosophers / Men of Ideas interviews; Gregory B. Sadler — philosophy text lectures and core concepts; Open Yale ENGL 300 — Introduction to Theory of Literature; Harvard Justice — Michael Sandel course videos,https://oyc.yale.edu/political-science/plsc-114; https://www.openculture.com/2012/05/bryan_magees_in-depth_uncut_tv_conversations_with_famous_philosophers_1978-87.html; https://www.youtube.com/@GregoryBSadler; https://oyc.yale.edu/english/engl-300; https://justiceharvard.org/,Duty; Judgment; Law; Liberty; Metaphysics; Reasoning; Science; Truth,Core (1952),
Not Started,68,3,15,Mill,Considerations on Representative Government,Ch. 1-6,Government; Law; Democracy; Happiness; Justice; Liberty; State; Virtue and Vice,"OYC Political Philosophy / Social Theory context for liberalism, utility, liberty, and representative government.",Lecture cue — use/search: “John Stuart Mill Considerations on Representative Government lecture”,"Harvard Justice — utility, liberty, rights, equality; ask where individual freedom meets public good.",Watch for Government; Law; Democracy; Happiness: Mill forces the liberal tradition to defend freedom without pretending society has no claim on the self.,OYC_POLPHIL; HARVARD_JUSTICE; SADLER; OYC_SOCIAL,Open Yale PLSC 114 — Introduction to Political Philosophy; Harvard Justice — Michael Sandel course videos; Gregory B. Sadler — philosophy text lectures and core concepts; Open Yale SOCY 151 — Foundations of Modern Social Theory,https://oyc.yale.edu/political-science/plsc-114; https://justiceharvard.org/; https://www.youtube.com/@GregoryBSadler; https://oyc.yale.edu/sociology/socy-151,Government; Law; Democracy; Happiness; Justice; Liberty; State; Virtue and Vice,Core (1952),
Not Started,69,3,16,Lavoisier,Elements of Chemistry,Part I,Art; Beauty; Form; Truth,MIT STS.002 — scientific revolution / natural philosophy context; then BBC Story of Science for the long arc of method and proof.,Lecture cue — use/search: “Lavoisier Elements of Chemistry science history lecture”,"Use OYC Astrophysics, MIT Mechanics, or NOVA as appropriate to see the modern consequence of the model.","Watch for Art; Beauty; Form; Truth: science here changes what counts as explanation: model, measurement, experiment, law, and reality.",MIT_STS; BBC_STORY_SCI; OYC_ASTRO,"MIT OCW STS.002 — Toward the Scientific Revolution; BBC — The Story of Science: Power, Proof and Passion; Open Yale ASTR 160 — Frontiers and Controversies in Astrophysics",https://ocw.mit.edu/courses/sts-002-toward-the-scientific-revolution-fall-2003/; https://www.bbc.co.uk/programmes/b00s8gcf; https://oyc.yale.edu/astronomy/astr-160,Art; Beauty; Form; Truth,Core (1952),
Not Started,70,3,17,Dostoevsky,The Brothers Karamazov,Part I-II,Art; Beauty; Form; Truth,Crash Course Literature — use the author/work video when available; otherwise use the genre/period video.,Lecture cue — use/search: “Dostoevsky The Brothers Karamazov lecture”,"Open Yale Theory of Literature or European Civilization — connect form, society, class, consciousness, and modernity.","Watch for Art; Beauty; Form; Truth: the modern novel often makes consciousness, society, and narration itself part of the argument.",CRASH_LIT; OYC_THEORY; OYC_EUROCIV,"Crash Course Literature; Open Yale ENGL 300 — Introduction to Theory of Literature; Open Yale HIST 202 — European Civilization, 1648–1945",https://thecrashcourse.com/topic/literature/; https://oyc.yale.edu/english/engl-300; https://oyc.yale.edu/history/hist-202,Art; Beauty; Form; Truth,Core (1952),
Not Started,71,3,18,Freud,The Origin and Development of Psychoanalysis,Focus: opening (question/terms); one central argument or turning point; a representative example/scene; closing resolution (Read whole; then re-read these anchors),Desire; Emotion; God; Sin; Memory and Imagination; Mind; Truth; Will,PBS Young Dr. Freud; then OYC Psychology lecture on Freud/psychoanalysis.,Open Yale / lecture cue — use/search: “Freud The Origin and Development of Psychoanalysis lecture”,"OYC Theory of Literature — Freud unit; connect unconscious, civilization, desire, repression, symbol, and interpretation.","Watch for Desire; Emotion; God; Sin: Freud turns the self into a text with censorship, conflict, and hidden authorship.",PBS_YOUNG_FREUD; OYC_PSYCH; OYC_THEORY,PBS — Young Dr. Freud; Open Yale PSYC 110 — Introduction to Psychology; Open Yale ENGL 300 — Introduction to Theory of Literature,https://www.pbs.org/youngdrfreud/; https://oyc.yale.edu/introduction-psychology/psyc-110; https://oyc.yale.edu/english/engl-300,Sin; Desire; Emotion; Memory and Imagination; Mind; Truth; Will; God,Core (1952),
Not Started,72,3,19,Twain,Adventures of Huckleberry Finn,Focus: opening (question/terms); one central argument or turning point; a representative example/scene; closing resolution (Read whole; then re-read these anchors),God; Religion; Sin; Truth,Ken Burns — Mark Twain; then Crash Course Literature on Huck Finn if reading that text.,Lecture cue — use/search: “Mark Twain Adventures of Huckleberry Finn lecture”,"OYC American literature/modern context if needed; connect satire, race, democracy, childhood, and moral awakening.","Watch for God; Religion; Sin; Truth: Twain makes American innocence answer to slavery, violence, humor, and conscience.",PBS_MARK_TWAIN; CRASH_LIT; OYC_AMST,"Ken Burns — Mark Twain; Crash Course Literature; Open Yale AMST 246 — Hemingway, Fitzgerald, Faulkner",https://www.pbs.org/kenburns/mark-twain/; https://thecrashcourse.com/topic/literature/; https://oyc.yale.edu/american-studies/amst-246,God; Religion; Sin; Truth,Expansion (1990),
Not Started,73,3,20,Lévi-Strauss,Structural Anthropology,Selections,Knowledge; Justice; Truth; Reasoning,OYC Theory of Literature — structuralism lectures; then anthropological context for myth and kinship.,Lecture cue — use/search: “Claude Lévi-Strauss Structural Anthropology lecture”,"Compare mythic structures back to Homer, tragedy, Bible, and Frazer.",Watch for Knowledge; Justice; Truth; Reasoning: structuralism asks whether culture thinks through us before we think through culture.,OYC_THEORY; BBC_CIVILISATION; CRASH_WORLD,Open Yale ENGL 300 — Introduction to Theory of Literature; Kenneth Clark — Civilisation; Crash Course World History,https://oyc.yale.edu/english/engl-300; https://www.bbcselect.com/watch/civilisation/; https://www.youtube.com/playlist?list=PLBDA2E52FB1EF80C9,Truth; Knowledge; Reasoning; Justice,Expansion (1990),
Not Started,74,3,21,Poincaré,Science and Hypothesis,Part I-II,Hypothesis; Art; Beauty; Form; Induction; Science; Physics,MIT STS.002 — scientific revolution / natural philosophy context; then BBC Story of Science for the long arc of method and proof.,Lecture cue — use/search: “Poincaré Science and Hypothesis science history lecture”,"Use OYC Astrophysics, MIT Mechanics, or NOVA as appropriate to see the modern consequence of the model.","Watch for Hypothesis; Art; Beauty; Form: science here changes what counts as explanation: model, measurement, experiment, law, and reality.",MIT_STS; BBC_STORY_SCI; OYC_ASTRO,"MIT OCW STS.002 — Toward the Scientific Revolution; BBC — The Story of Science: Power, Proof and Passion; Open Yale ASTR 160 — Frontiers and Controversies in Astrophysics",https://ocw.mit.edu/courses/sts-002-toward-the-scientific-revolution-fall-2003/; https://www.bbc.co.uk/programmes/b00s8gcf; https://oyc.yale.edu/astronomy/astr-160,Science; Hypothesis; Art; Beauty; Form; Induction; Physics,Expansion (1990),
Not Started,75,4,1,Euripides,Medea,Focus: opening (question/terms); one central argument or turning point; a representative example/scene; closing resolution (Read whole; then re-read these anchors),Desire; Emotion; Fate; Good and Evil; Justice; Life and Death; Love; God,"PBS Empires — The Greeks; then National Theatre — Greek Theatre Video Collection on tragedy, chorus, masks, and performance space.",Reading Greek Tragedy Online / National Theatre — use/search: “Euripides Medea performance or staging discussion”,"Crash Course Theater and Drama — Greek tragedy episodes; connect stage conflict to law, family, fate, and civic order.",Watch for Desire; Emotion; Fate; Good and Evil: tragedy makes an argument by forcing incompatible goods into the same public space.,PBS_GREEKS; NAT_GREEK; CHS_TRAGEDY; CRASH_THEATER,PBS Empires — The Greeks: Crucible of Civilization; National Theatre — Greek Theatre Video Collection; Reading Greek Tragedy Online — Center for Hellenic Studies / Out of Chaos; Crash Course Theater and Drama,https://www.pbs.org/empires/thegreeks/; https://www.nationaltheatre.org.uk/learn-explore/greek-theatre-video-collection/; https://chs.harvard.edu/programs/reading-greek-tragedy-online/; https://thecrashcourse.com/topic/theaterdrama/,Desire; Emotion; Fate; Good and Evil; Justice; Life and Death; Love; God,Core (1952),
Not Started,76,4,2,Euripides,Hippolytus,Focus: opening (question/terms); one central argument or turning point; a representative example/scene; closing resolution (Read whole; then re-read these anchors),Desire; Emotion; Fate; Good and Evil; Justice; Life and Death; Love; God,"PBS Empires — The Greeks; then National Theatre — Greek Theatre Video Collection on tragedy, chorus, masks, and performance space.",Reading Greek Tragedy Online / National Theatre — use/search: “Euripides Hippolytus performance or staging discussion”,"Crash Course Theater and Drama — Greek tragedy episodes; connect stage conflict to law, family, fate, and civic order.",Watch for Desire; Emotion; Fate; Good and Evil: tragedy makes an argument by forcing incompatible goods into the same public space.,PBS_GREEKS; NAT_GREEK; CHS_TRAGEDY; CRASH_THEATER,PBS Empires — The Greeks: Crucible of Civilization; National Theatre — Greek Theatre Video Collection; Reading Greek Tragedy Online — Center for Hellenic Studies / Out of Chaos; Crash Course Theater and Drama,https://www.pbs.org/empires/thegreeks/; https://www.nationaltheatre.org.uk/learn-explore/greek-theatre-video-collection/; https://chs.harvard.edu/programs/reading-greek-tragedy-online/; https://thecrashcourse.com/topic/theaterdrama/,Desire; Emotion; Fate; Good and Evil; Justice; Life and Death; Love; God,Core (1952),
Not Started,77,4,3,Euripides,Trojan Women,Focus: opening (question/terms); one central argument or turning point; a representative example/scene; closing resolution (Read whole; then re-read these anchors),Desire; Emotion; Fate; Good and Evil; Justice; Life and Death; Love; God,"PBS Empires — The Greeks; then National Theatre — Greek Theatre Video Collection on tragedy, chorus, masks, and performance space.",Reading Greek Tragedy Online / National Theatre — use/search: “Euripides Trojan Women performance or staging discussion”,"Crash Course Theater and Drama — Greek tragedy episodes; connect stage conflict to law, family, fate, and civic order.",Watch for Desire; Emotion; Fate; Good and Evil: tragedy makes an argument by forcing incompatible goods into the same public space.,PBS_GREEKS; NAT_GREEK; CHS_TRAGEDY; CRASH_THEATER,PBS Empires — The Greeks: Crucible of Civilization; National Theatre — Greek Theatre Video Collection; Reading Greek Tragedy Online — Center for Hellenic Studies / Out of Chaos; Crash Course Theater and Drama,https://www.pbs.org/empires/thegreeks/; https://www.nationaltheatre.org.uk/learn-explore/greek-theatre-video-collection/; https://chs.harvard.edu/programs/reading-greek-tragedy-online/; https://thecrashcourse.com/topic/theaterdrama/,Desire; Emotion; Fate; Good and Evil; Justice; Life and Death; Love; God,Core (1952),
Not Started,78,4,4,Euripides,The Bacchantes,Focus: opening (question/terms); one central argument or turning point; a representative example/scene; closing resolution (Read whole; then re-read these anchors),Desire; Emotion; Fate; Good and Evil; Justice; Life and Death; Love; God,"PBS Empires — The Greeks; then National Theatre — Greek Theatre Video Collection on tragedy, chorus, masks, and performance space.",Reading Greek Tragedy Online / National Theatre — use/search: “Euripides The Bacchantes performance or staging discussion”,"Crash Course Theater and Drama — Greek tragedy episodes; connect stage conflict to law, family, fate, and civic order.",Watch for Desire; Emotion; Fate; Good and Evil: tragedy makes an argument by forcing incompatible goods into the same public space.,PBS_GREEKS; NAT_GREEK; CHS_TRAGEDY; CRASH_THEATER,PBS Empires — The Greeks: Crucible of Civilization; National Theatre — Greek Theatre Video Collection; Reading Greek Tragedy Online — Center for Hellenic Studies / Out of Chaos; Crash Course Theater and Drama,https://www.pbs.org/empires/thegreeks/; https://www.nationaltheatre.org.uk/learn-explore/greek-theatre-video-collection/; https://chs.harvard.edu/programs/reading-greek-tragedy-online/; https://thecrashcourse.com/topic/theaterdrama/,Desire; Emotion; Fate; Good and Evil; Justice; Life and Death; Love; God,Core (1952),
Not Started,79,4,5,Plato,Republic,Book VI-VII,Citizen; Democracy; Education; Good and Evil; Government; Justice; Law; Liberty,OYC PLSC 114 — watch the Socratic citizenship / Republic lectures that match this reading.,Gregory B. Sadler — use/search: “Plato Republic text lecture core concepts”,Bryan Magee — Plato episode; then write the question Plato leaves harder than he found it.,Watch for Citizen; Democracy; Education; Good and Evil: Plato rarely hands you a doctrine first; he stages a soul learning how to ask.,OYC_POLPHIL; SADLER; MAGEE,Open Yale PLSC 114 — Introduction to Political Philosophy; Gregory B. Sadler — philosophy text lectures and core concepts; Bryan Magee — Great Philosophers / Men of Ideas interviews,https://oyc.yale.edu/political-science/plsc-114; https://www.youtube.com/@GregoryBSadler; https://www.openculture.com/2012/05/bryan_magees_in-depth_uncut_tv_conversations_with_famous_philosophers_1978-87.html,Citizen; Democracy; Education; Good and Evil; Government; Justice; Law; Liberty,Core (1952),
Not Started,80,4,6,Plato,Theaetetus,Focus: opening (question/terms); one central argument or turning point; a representative example/scene; closing resolution (Read whole; then re-read these anchors),Dialectic; Education; Good and Evil; Government; Justice; Knowledge; Law; Love,"OYC PLSC 114 — watch the opening lectures on Socrates, polis, justice, and philosophy as public danger.",Gregory B. Sadler — use/search: “Plato Theaetetus text lecture core concepts”,Bryan Magee — Plato episode; then write the question Plato leaves harder than he found it.,Watch for Dialectic; Education; Good and Evil; Government: Plato rarely hands you a doctrine first; he stages a soul learning how to ask.,OYC_POLPHIL; SADLER; MAGEE,Open Yale PLSC 114 — Introduction to Political Philosophy; Gregory B. Sadler — philosophy text lectures and core concepts; Bryan Magee — Great Philosophers / Men of Ideas interviews,https://oyc.yale.edu/political-science/plsc-114; https://www.youtube.com/@GregoryBSadler; https://www.openculture.com/2012/05/bryan_magees_in-depth_uncut_tv_conversations_with_famous_philosophers_1978-87.html,Dialectic; Education; Good and Evil; Government; Justice; Knowledge; Law; Love,Core (1952),
Not Started,81,4,7,Aristotle,Physics,"Book IV, Ch. 1-5, 10-14",Being; Cause; Change; Form; Science; Physics; Metaphysics; Nature,MIT STS.002 — ancient-to-Renaissance natural philosophy; then BBC Story of Science for the shift from nature to method.,Gregory B. Sadler — use/search: “Aristotle Physics lecture”,"Bryan Magee — Aristotle episode; then compare causes, substance, motion, and modern science.",Watch for Being; Cause; Change; Form: Aristotle makes nature thinkable by asking what change is and what must persist through it.,MIT_STS; BBC_STORY_SCI; SADLER; MAGEE,"MIT OCW STS.002 — Toward the Scientific Revolution; BBC — The Story of Science: Power, Proof and Passion; Gregory B. Sadler — philosophy text lectures and core concepts; Bryan Magee — Great Philosophers / Men of Ideas interviews",https://ocw.mit.edu/courses/sts-002-toward-the-scientific-revolution-fall-2003/; https://www.bbc.co.uk/programmes/b00s8gcf; https://www.youtube.com/@GregoryBSadler; https://www.openculture.com/2012/05/bryan_magees_in-depth_uncut_tv_conversations_with_famous_philosophers_1978-87.html,Science; Physics; Being; Cause; Change; Form; Metaphysics; Nature,Core (1952),
Not Started,82,4,8,Aristotle,Metaphysics,"Book I, Ch. 1-2; Book IV; Book VI, Ch. 1; Book XI, Ch. 1-4",Being; Cause; Change; Form; Science; Physics; Metaphysics; Philosophy,MIT STS.002 — ancient-to-Renaissance natural philosophy; then BBC Story of Science for the shift from nature to method.,Gregory B. Sadler — use/search: “Aristotle Metaphysics lecture”,"Bryan Magee — Aristotle episode; then compare causes, substance, motion, and modern science.",Watch for Being; Cause; Change; Form: Aristotle makes nature thinkable by asking what change is and what must persist through it.,MIT_STS; BBC_STORY_SCI; SADLER; MAGEE,"MIT OCW STS.002 — Toward the Scientific Revolution; BBC — The Story of Science: Power, Proof and Passion; Gregory B. Sadler — philosophy text lectures and core concepts; Bryan Magee — Great Philosophers / Men of Ideas interviews",https://ocw.mit.edu/courses/sts-002-toward-the-scientific-revolution-fall-2003/; https://www.bbc.co.uk/programmes/b00s8gcf; https://www.youtube.com/@GregoryBSadler; https://www.openculture.com/2012/05/bryan_magees_in-depth_uncut_tv_conversations_with_famous_philosophers_1978-87.html,Science; Physics; Being; Metaphysics; Philosophy; Cause; Change; Form,Core (1952),
Not Started,83,4,9,St. Augustine,Confessions,Book IX-XIII,God; Love; Sin; Soul; Time; Truth; Will; Religion,BBC Civilisation — late antique/Christian transition context; then OYC New Testament background if needed.,Gregory B. Sadler — use/search: “St. Augustine Confessions lecture”,Bryan Magee or a late-antique Christianity lecture; ask how inwardness becomes philosophical evidence.,"Watch for God; Love; Sin; Soul: Christian thought absorbs classical philosophy by relocating the drama inside memory, will, sin, grace, and time.",BBC_CIVILISATION; OYC_NT; SADLER; MAGEE,Kenneth Clark — Civilisation; Open Yale RLST 152 — Introduction to New Testament History and Literature; Gregory B. Sadler — philosophy text lectures and core concepts; Bryan Magee — Great Philosophers / Men of Ideas interviews,https://www.bbcselect.com/watch/civilisation/; https://oyc.yale.edu/religious-studies/rlst-152; https://www.youtube.com/@GregoryBSadler; https://www.openculture.com/2012/05/bryan_magees_in-depth_uncut_tv_conversations_with_famous_philosophers_1978-87.html,God; Love; Sin; Soul; Time; Truth; Will; Religion,Core (1952),
Not Started,84,4,10,St. Thomas Aquinas,Summa Theologica,"Part I, QQ 16-17, 84-88",God; Justice; Law; Reasoning; Soul; Theology; Truth; Virtue and Vice,BBC Civilisation — medieval world; then Dante in Translation for the theological-cosmic imagination Aquinas inhabits.,Gregory B. Sadler — use/search: “St. Thomas Aquinas Summa Theologica lecture”,"Bryan Magee / medieval philosophy episode; map reason, revelation, law, soul, and being.",Watch for God; Justice; Law; Reasoning: the medieval move is not anti-reason; it is reason asking where its authority comes from.,BBC_CIVILISATION; SADLER; MAGEE; OYC_DANTE,Kenneth Clark — Civilisation; Gregory B. Sadler — philosophy text lectures and core concepts; Bryan Magee — Great Philosophers / Men of Ideas interviews; Open Yale ITAL 310 — Dante in Translation,https://www.bbcselect.com/watch/civilisation/; https://www.youtube.com/@GregoryBSadler; https://www.openculture.com/2012/05/bryan_magees_in-depth_uncut_tv_conversations_with_famous_philosophers_1978-87.html; https://oyc.yale.edu/italian-language-and-literature/ital-310,Reasoning; God; Justice; Law; Soul; Theology; Truth; Virtue and Vice,Core (1952),
Not Started,85,4,11,Montaigne,Apology for Raymond de Sebonde,Focus: opening (question/terms); one central argument or turning point; a representative example/scene; closing resolution (Read whole; then re-read these anchors),Custom and Convention; Education; Experience; God; Opinion; Reasoning; Truth; Virtue and Vice,"PBS Medici for Renaissance humanism; then BBC Civilisation for print, learning, and reforming Europe.",Lecture/documentary cue — use/search: “Montaigne Apology for Raymond de Sebonde Renaissance humanism”,"Rick Steves Luther — use Reformation pressure as the background for satire, skepticism, education, and self-examination.",Watch for Custom and Convention; Education; Experience; God: Renaissance humanism reopens antiquity and discovers the self as a problem.,BBC_CIVILISATION; PBS_MEDICI; RICK_STEVES_LUTHER,Kenneth Clark — Civilisation; PBS Empires — Medici: Godfathers of the Renaissance; Rick Steves — Luther and the Reformation,https://www.bbcselect.com/watch/civilisation/; https://www.pbs.org/empires/medici/; https://www.ricksteves.com/watch-read-listen/video/tv-show/tv-specials/luther,Custom and Convention; Education; Experience; Opinion; Reasoning; Truth; Virtue and Vice; God,Core (1952),
Not Started,86,4,12,Galileo,Two New Sciences,"Third Day, through Scholium of Theorem II",Hypothesis; Cause; Induction; Science; Physics; Mathematics; Mechanics,MIT STS.002 — scientific revolution / natural philosophy context; then BBC Story of Science for the long arc of method and proof.,Lecture cue — use/search: “Galileo Two New Sciences science history lecture”,"Use OYC Astrophysics, MIT Mechanics, or NOVA as appropriate to see the modern consequence of the model.","Watch for Hypothesis; Cause; Induction; Science: science here changes what counts as explanation: model, measurement, experiment, law, and reality.",MIT_STS; BBC_STORY_SCI; OYC_ASTRO,"MIT OCW STS.002 — Toward the Scientific Revolution; BBC — The Story of Science: Power, Proof and Passion; Open Yale ASTR 160 — Frontiers and Controversies in Astrophysics",https://ocw.mit.edu/courses/sts-002-toward-the-scientific-revolution-fall-2003/; https://www.bbc.co.uk/programmes/b00s8gcf; https://oyc.yale.edu/astronomy/astr-160,Science; Hypothesis; Physics; Cause; Mathematics; Mechanics; Induction,Core (1952),
Not Started,87,4,13,Bacon,Novum Organum,Preface; Book I,Knowledge; Justice; Truth; Reasoning,"MIT STS.002 — scientific revolution context; then BBC Story of Science on method, experiment, and proof.",Lecture cue — use/search: “Francis Bacon Novum Organum scientific method lecture”,"BBC Civilisation — connect empirical method to modern power, progress, and utopian planning.",Watch for Knowledge; Justice; Truth; Reasoning: Bacon’s new organon is a program for remaking knowledge into collective power.,MIT_STS; BBC_STORY_SCI; BBC_CIVILISATION,"MIT OCW STS.002 — Toward the Scientific Revolution; BBC — The Story of Science: Power, Proof and Passion; Kenneth Clark — Civilisation",https://ocw.mit.edu/courses/sts-002-toward-the-scientific-revolution-fall-2003/; https://www.bbc.co.uk/programmes/b00s8gcf; https://www.bbcselect.com/watch/civilisation/,Truth; Knowledge; Reasoning; Justice,Core (1952),
Not Started,88,4,14,Descartes,Discourse on the Method,Focus: opening (question/terms); one central argument or turning point; a representative example/scene; closing resolution (Read whole; then re-read these anchors),Idea; Knowledge; Logic; Art; Metaphysics; Mind; Reasoning; Truth,"Bryan Magee — watch the matching philosopher/tradition episode first, or OYC Theory for the interpretive frame.",Gregory B. Sadler — use/search: “Descartes Discourse on the Method lecture”,"Return to Magee/OYC Theory; locate the break: certainty, substance, freedom, history, language, being, or value.",Watch for Idea; Knowledge; Logic; Art: modern philosophy often begins when inherited certainty becomes a problem rather than a possession.,MIT_STS; MAGEE; SADLER; OYC_THEORY; BBC_STORY_SCI,"MIT OCW STS.002 — Toward the Scientific Revolution; Bryan Magee — Great Philosophers / Men of Ideas interviews; Gregory B. Sadler — philosophy text lectures and core concepts; Open Yale ENGL 300 — Introduction to Theory of Literature; BBC — The Story of Science: Power, Proof and Passion",https://ocw.mit.edu/courses/sts-002-toward-the-scientific-revolution-fall-2003/; https://www.openculture.com/2012/05/bryan_magees_in-depth_uncut_tv_conversations_with_famous_philosophers_1978-87.html; https://www.youtube.com/@GregoryBSadler; https://oyc.yale.edu/english/engl-300; https://www.bbc.co.uk/programmes/b00s8gcf,Idea; Knowledge; Logic; Metaphysics; Mind; Reasoning; Truth; Art,Core (1952),
Not Started,89,4,15,Newton,Mathematical Principles of Natural Philosophy,Prefaces; Definitions; Axioms; General Scholium,Cause; Knowledge; Mathematics; Mechanics; Physics; Science; Space; Time,MIT STS.002 — scientific revolution / natural philosophy context; then BBC Story of Science for the long arc of method and proof.,Lecture cue — use/search: “Newton Mathematical Principles of Natural Philosophy science history lecture”,"Use OYC Astrophysics, MIT Mechanics, or NOVA as appropriate to see the modern consequence of the model.","Watch for Cause; Knowledge; Mathematics; Mechanics: science here changes what counts as explanation: model, measurement, experiment, law, and reality.",MIT_STS; BBC_STORY_SCI; OYC_ASTRO; MIT_MECH; PBS_NOVA_NEWTON,"MIT OCW STS.002 — Toward the Scientific Revolution; BBC — The Story of Science: Power, Proof and Passion; Open Yale ASTR 160 — Frontiers and Controversies in Astrophysics; MIT OCW 8.01SC — Classical Mechanics; NOVA — Newton's Dark Secrets",https://ocw.mit.edu/courses/sts-002-toward-the-scientific-revolution-fall-2003/; https://www.bbc.co.uk/programmes/b00s8gcf; https://oyc.yale.edu/astronomy/astr-160; https://ocw.mit.edu/courses/8-01sc-classical-mechanics-fall-2016/; https://www.pbs.org/wgbh/nova/newton/,Cause; Mathematics; Mechanics; Physics; Science; Space; Time; Knowledge,Core (1952),
Not Started,90,4,16,Locke,An Essay Concerning Human Understanding,Book II,Constitution; Experience; Government; Justice; Knowledge; Law; Liberty; Reasoning,OYC Political Philosophy — watch the matching author lectures; use Crash Course European History for state/revolution context.,Open Yale / lecture cue — use/search: “Locke An Essay Concerning Human Understanding political philosophy lecture”,"Harvard Justice — connect sovereignty, consent, rights, equality, and democracy to live moral-political arguments.","Watch for Constitution; Experience; Government; Justice: modern politics asks what authority remains when custom, throne, church, and nature lose automatic command.",OYC_POLPHIL; OYC_SOCIAL; HARVARD_JUSTICE; CRASH_EURO,Open Yale PLSC 114 — Introduction to Political Philosophy; Open Yale SOCY 151 — Foundations of Modern Social Theory; Harvard Justice — Michael Sandel course videos; Crash Course European History,https://oyc.yale.edu/political-science/plsc-114; https://oyc.yale.edu/sociology/socy-151; https://justiceharvard.org/; https://www.youtube.com/playlist?list=PL8dPuuaLjXtMsMTfmRomkVQG8AqrAmJFX,Constitution; Experience; Government; Justice; Knowledge; Law; Liberty; Reasoning,Core (1952),
Not Started,91,4,17,Hume,An Enquiry Concerning Human Understanding,Focus: opening (question/terms); one central argument or turning point; a representative example/scene; closing resolution (Read whole; then re-read these anchors),Cause; Experience; Induction; Knowledge; God; Mind; Reasoning; Truth,"Bryan Magee — watch the matching philosopher/tradition episode first, or OYC Theory for the interpretive frame.",Gregory B. Sadler — use/search: “Hume An Enquiry Concerning Human Understanding lecture”,"Return to Magee/OYC Theory; locate the break: certainty, substance, freedom, history, language, being, or value.",Watch for Cause; Experience; Induction; Knowledge: modern philosophy often begins when inherited certainty becomes a problem rather than a possession.,MIT_STS; MAGEE; SADLER; OYC_THEORY; BBC_STORY_SCI,"MIT OCW STS.002 — Toward the Scientific Revolution; Bryan Magee — Great Philosophers / Men of Ideas interviews; Gregory B. Sadler — philosophy text lectures and core concepts; Open Yale ENGL 300 — Introduction to Theory of Literature; BBC — The Story of Science: Power, Proof and Passion",https://ocw.mit.edu/courses/sts-002-toward-the-scientific-revolution-fall-2003/; https://www.openculture.com/2012/05/bryan_magees_in-depth_uncut_tv_conversations_with_famous_philosophers_1978-87.html; https://www.youtube.com/@GregoryBSadler; https://oyc.yale.edu/english/engl-300; https://www.bbc.co.uk/programmes/b00s8gcf,Cause; Experience; Induction; Knowledge; Mind; Reasoning; Truth; God,Core (1952),
Not Started,92,4,18,Melville,Moby-Dick,Focus: 'Loomings'; 'The Whiteness of the Whale'; 'The Quarter-Deck'; chase & ending (Read whole; then re-read these anchors),Fate; Good and Evil; Justice; Life and Death; Art; Beauty; Nature; Truth,"American Experience — Into the Deep: America, Whaling & the World; then Crash Course Literature on Moby-Dick.",Lecture cue — use/search: “Melville Moby-Dick lecture”,"Compare epic, scripture, science, capitalism, obsession, and the ocean as metaphysical theatre.",Watch for Fate; Good and Evil; Justice; Life and Death: Moby-Dick makes the universe feel like an unreadable book that men still try to master.,PBS_WHALING; CRASH_LIT; OYC_AMST,"American Experience — Into the Deep: America, Whaling & the World; Crash Course Literature; Open Yale AMST 246 — Hemingway, Fitzgerald, Faulkner",https://www.pbs.org/wgbh/americanexperience/films/whaling/; https://thecrashcourse.com/topic/literature/; https://oyc.yale.edu/american-studies/amst-246,Fate; Good and Evil; Justice; Life and Death; Nature; Truth; Art; Beauty,Core (1952),
Not Started,93,4,19,Dostoevsky,The Brothers Karamazov,Part III-IV,Art; Beauty; Form; Truth,Crash Course Literature — use the author/work video when available; otherwise use the genre/period video.,Lecture cue — use/search: “Dostoevsky The Brothers Karamazov lecture”,"Open Yale Theory of Literature or European Civilization — connect form, society, class, consciousness, and modernity.","Watch for Art; Beauty; Form; Truth: the modern novel often makes consciousness, society, and narration itself part of the argument.",CRASH_LIT; OYC_THEORY; OYC_EUROCIV,"Crash Course Literature; Open Yale ENGL 300 — Introduction to Theory of Literature; Open Yale HIST 202 — European Civilization, 1648–1945",https://thecrashcourse.com/topic/literature/; https://oyc.yale.edu/english/engl-300; https://oyc.yale.edu/history/hist-202,Art; Beauty; Form; Truth,Core (1952),
Not Started,94,4,20,James,Principles of Psychology,"Ch. XV, XX",Emotion; Experience; Knowledge; Memory and Imagination; Mind; Reasoning; Truth; Will,"OYC Psychology — lectures on consciousness, memory, self, and development; then philosophy context for pragmatism.",Lecture cue — use/search: “William James Principles of Psychology psychology pragmatism lecture”,"Bryan Magee / Sadler on pragmatism; connect experience, habit, will, truth, and practical consequences.",Watch for Emotion; Experience; Knowledge; Memory and Imagination: James makes experience primary: consciousness flows before concepts carve it up.,OYC_PSYCH; SADLER; OYC_THEORY; MAGEE,Open Yale PSYC 110 — Introduction to Psychology; Gregory B. Sadler — philosophy text lectures and core concepts; Open Yale ENGL 300 — Introduction to Theory of Literature; Bryan Magee — Great Philosophers / Men of Ideas interviews,https://oyc.yale.edu/introduction-psychology/psyc-110; https://www.youtube.com/@GregoryBSadler; https://oyc.yale.edu/english/engl-300; https://www.openculture.com/2012/05/bryan_magees_in-depth_uncut_tv_conversations_with_famous_philosophers_1978-87.html,Emotion; Experience; Knowledge; Memory and Imagination; Mind; Reasoning; Truth; Will,Core (1952),
Not Started,95,4,21,Calvin,Institutes of the Christian Religion,Book III,God; Religion; Theology; Truth,"Rick Steves — Luther and the Reformation; then PBS Battle for the Bible for scripture, authority, and conflict.",Lecture cue — use/search: “Calvin Institutes of the Christian Religion theology lecture”,"BBC Civilisation — Reformation/modern religion context; compare reform, grace, authority, and institutional rupture.","Watch for God; Religion; Theology; Truth: the question is how revelation can speak without being domesticated by culture, church, or self.",RICK_STEVES_LUTHER; PBS_BATTLE_BIBLE; BBC_CIVILISATION; SADLER,Rick Steves — Luther and the Reformation; PBS Secrets of the Dead — Battle for the Bible; Kenneth Clark — Civilisation; Gregory B. Sadler — philosophy text lectures and core concepts,https://www.ricksteves.com/watch-read-listen/video/tv-show/tv-specials/luther; https://www.pbs.org/wnet/secrets/battle-for-the-bible-about-the-episode/7154/; https://www.bbcselect.com/watch/civilisation/; https://www.youtube.com/@GregoryBSadler,God; Religion; Theology; Truth,Expansion (1990),
Not Started,96,4,22,Frazer,The Golden Bough,Selections,Custom and Convention; God; Religion; Sin,Crash Course World History on myth/religion/culture; then OYC Theory for mythic interpretation.,Lecture cue — use/search: “Frazer The Golden Bough lecture”,"Connect ritual, myth, sacrifice, magic, and modern anthropology to Eliot and structuralism.",Watch for Custom and Convention; God; Religion; Sin: Frazer gathers old ritual patterns that later modernists turn into literary machinery.,OYC_THEORY; CRASH_WORLD; BBC_CIVILISATION,Open Yale ENGL 300 — Introduction to Theory of Literature; Crash Course World History; Kenneth Clark — Civilisation,https://oyc.yale.edu/english/engl-300; https://www.youtube.com/playlist?list=PLBDA2E52FB1EF80C9; https://www.bbcselect.com/watch/civilisation/,Custom and Convention; God; Religion; Sin,Expansion (1990),
Not Started,97,4,23,Heisenberg,Physics and Philosophy,Ch. 1-6,Knowledge; Hypothesis; Cause; Science; Physics; Truth; Mechanics; Philosophy,MIT STS.002 — scientific revolution / natural philosophy context; then BBC Story of Science for the long arc of method and proof.,Lecture cue — use/search: “Heisenberg Physics and Philosophy science history lecture”,"Use OYC Astrophysics, MIT Mechanics, or NOVA as appropriate to see the modern consequence of the model.","Watch for Knowledge; Hypothesis; Cause; Science: science here changes what counts as explanation: model, measurement, experiment, law, and reality.",MIT_STS; BBC_STORY_SCI; OYC_ASTRO; PBS_NOVA_EINSTEIN,"MIT OCW STS.002 — Toward the Scientific Revolution; BBC — The Story of Science: Power, Proof and Passion; Open Yale ASTR 160 — Frontiers and Controversies in Astrophysics; NOVA — Inside Einstein's Mind",https://ocw.mit.edu/courses/sts-002-toward-the-scientific-revolution-fall-2003/; https://www.bbc.co.uk/programmes/b00s8gcf; https://oyc.yale.edu/astronomy/astr-160; https://www.pbs.org/video/nova-inside-einsteins-mind/,Science; Physics; Knowledge; Truth; Hypothesis; Cause; Mechanics; Philosophy,Expansion (1990),
Not Started,98,4,24,Bacon,New Atlantis,(Short work) Focus: House of Salomon; the research-program vision,Knowledge; Justice; Truth; Reasoning,"MIT STS.002 — scientific revolution context; then BBC Story of Science on method, experiment, and proof.",Lecture cue — use/search: “Francis Bacon New Atlantis scientific method lecture”,"BBC Civilisation — connect empirical method to modern power, progress, and utopian planning.",Watch for Knowledge; Justice; Truth; Reasoning: Bacon’s new organon is a program for remaking knowledge into collective power.,MIT_STS; BBC_STORY_SCI; BBC_CIVILISATION,"MIT OCW STS.002 — Toward the Scientific Revolution; BBC — The Story of Science: Power, Proof and Passion; Kenneth Clark — Civilisation",https://ocw.mit.edu/courses/sts-002-toward-the-scientific-revolution-fall-2003/; https://www.bbc.co.uk/programmes/b00s8gcf; https://www.bbcselect.com/watch/civilisation/,Truth; Knowledge; Reasoning; Justice,Core (1952),Place alongside Novum Organum and Advancement of Learning
Not Started,99,5,1,Plato,Phaedo,Focus: opening (question/terms); one central argument or turning point; a representative example/scene; closing resolution (Read whole; then re-read these anchors),Being; Immortality; Knowledge; Life and Death; Dialectic; Education; Soul; Truth,"OYC PLSC 114 — watch the opening lectures on Socrates, polis, justice, and philosophy as public danger.",Gregory B. Sadler — use/search: “Plato Phaedo text lecture core concepts”,Bryan Magee — Plato episode; then write the question Plato leaves harder than he found it.,Watch for Being; Immortality; Knowledge; Life and Death: Plato rarely hands you a doctrine first; he stages a soul learning how to ask.,OYC_POLPHIL; SADLER; MAGEE; OYC_DEATH,Open Yale PLSC 114 — Introduction to Political Philosophy; Gregory B. Sadler — philosophy text lectures and core concepts; Bryan Magee — Great Philosophers / Men of Ideas interviews; Open Yale PHIL 176 — Death,https://oyc.yale.edu/political-science/plsc-114; https://www.youtube.com/@GregoryBSadler; https://www.openculture.com/2012/05/bryan_magees_in-depth_uncut_tv_conversations_with_famous_philosophers_1978-87.html; https://oyc.yale.edu/death/phil-176,Being; Immortality; Knowledge; Life and Death; Soul; Truth; Dialectic; Education,Core (1952),
Not Started,100,5,2,Aristotle,Categories,Focus: opening (question/terms); one central argument or turning point; a representative example/scene; closing resolution (Read whole; then re-read these anchors),Definition; Language; Logic; Government; Quality; Quantity; Reasoning; Relation,OYC PLSC 114 — Aristotle/polis context; then Bryan Magee for the philosopher’s overall architecture.,Gregory B. Sadler — use/search: “Aristotle Categories lecture”,"Trace the terms Aristotle gives later thinkers: category, cause, substance, habit, virtue, and reason.","Watch for Definition; Language; Logic; Government: Aristotle supplies grammar for the conversation: what kind of thing is this, and what is it for?",SADLER; MAGEE; OYC_POLPHIL,Gregory B. Sadler — philosophy text lectures and core concepts; Bryan Magee — Great Philosophers / Men of Ideas interviews; Open Yale PLSC 114 — Introduction to Political Philosophy,https://www.youtube.com/@GregoryBSadler; https://www.openculture.com/2012/05/bryan_magees_in-depth_uncut_tv_conversations_with_famous_philosophers_1978-87.html; https://oyc.yale.edu/political-science/plsc-114,Definition; Language; Logic; Quality; Quantity; Reasoning; Relation; Government,Core (1952),
Not Started,101,5,3,Aristotle,On the Soul,"Book II, Ch. 1-3; Book III",Life and Death; Government; Happiness; Mind; Soul; Memory and Imagination; Nature; Sense,MIT STS.002 on ancient natural philosophy; then OYC Evolution/Ecology for the later biological frame.,Gregory B. Sadler — use/search: “Aristotle On the Soul lecture”,Compare Aristotle’s living forms with Darwinian descent and modern biological explanation.,"Watch for Life and Death; Government; Happiness; Mind: life is treated as organized power: nutrition, perception, motion, reproduction, and thought.",MIT_STS; OYC_EEB; SADLER; MAGEE,"MIT OCW STS.002 — Toward the Scientific Revolution; Open Yale E&EB 122 — Principles of Evolution, Ecology and Behavior; Gregory B. Sadler — philosophy text lectures and core concepts; Bryan Magee — Great Philosophers / Men of Ideas interviews",https://ocw.mit.edu/courses/sts-002-toward-the-scientific-revolution-fall-2003/; https://oyc.yale.edu/ecology-and-evolutionary-biology/eeb-122; https://www.youtube.com/@GregoryBSadler; https://www.openculture.com/2012/05/bryan_magees_in-depth_uncut_tv_conversations_with_famous_philosophers_1978-87.html,Mind; Soul; Life and Death; Memory and Imagination; Nature; Sense; Government; Happiness,Core (1952),
Not Started,102,5,4,Hippocrates,The Oath,Focus: opening (question/terms); one central argument or turning point; a representative example/scene; closing resolution (Read whole; then re-read these anchors),God; Religion; Sin; Truth,MIT STS.002 — ancient medicine/natural philosophy; then OYC Epidemics for medicine as social knowledge.,Lecture cue — use/search: “Hippocrates The Oath history of medicine lecture”,"BBC Story of Science — compare observation, prognosis, anatomy, circulation, and experimental medicine.","Watch for God; Religion; Sin; Truth: medicine enters the conversation as disciplined attention to bodies, causes, signs, and practice.",MIT_STS; OYC_MEDICINE; BBC_STORY_SCI,"MIT OCW STS.002 — Toward the Scientific Revolution; Open Yale HIST 234 — Epidemics in Western Society Since 1600; BBC — The Story of Science: Power, Proof and Passion",https://ocw.mit.edu/courses/sts-002-toward-the-scientific-revolution-fall-2003/; https://oyc.yale.edu/history/hist-234; https://www.bbc.co.uk/programmes/b00s8gcf,God; Religion; Sin; Truth,Core (1952),
Not Started,103,5,5,Hippocrates,On Ancient Medicine,Focus: opening (question/terms); one central argument or turning point; a representative example/scene; closing resolution (Read whole; then re-read these anchors),God; Religion; Sin; Truth,MIT STS.002 — ancient medicine/natural philosophy; then OYC Epidemics for medicine as social knowledge.,Lecture cue — use/search: “Hippocrates On Ancient Medicine history of medicine lecture”,"BBC Story of Science — compare observation, prognosis, anatomy, circulation, and experimental medicine.","Watch for God; Religion; Sin; Truth: medicine enters the conversation as disciplined attention to bodies, causes, signs, and practice.",MIT_STS; OYC_MEDICINE; BBC_STORY_SCI,"MIT OCW STS.002 — Toward the Scientific Revolution; Open Yale HIST 234 — Epidemics in Western Society Since 1600; BBC — The Story of Science: Power, Proof and Passion",https://ocw.mit.edu/courses/sts-002-toward-the-scientific-revolution-fall-2003/; https://oyc.yale.edu/history/hist-234; https://www.bbc.co.uk/programmes/b00s8gcf,God; Religion; Sin; Truth,Core (1952),
Not Started,104,5,6,Hippocrates,"On Airs, Waters, and Places",Focus: opening (question/terms); one central argument or turning point; a representative example/scene; closing resolution (Read whole; then re-read these anchors),God; Religion; Sin; Truth,MIT STS.002 — ancient medicine/natural philosophy; then OYC Epidemics for medicine as social knowledge.,"Lecture cue — use/search: “Hippocrates On Airs, Waters, and Places history of medicine lecture”","BBC Story of Science — compare observation, prognosis, anatomy, circulation, and experimental medicine.","Watch for God; Religion; Sin; Truth: medicine enters the conversation as disciplined attention to bodies, causes, signs, and practice.",MIT_STS; OYC_MEDICINE; BBC_STORY_SCI,"MIT OCW STS.002 — Toward the Scientific Revolution; Open Yale HIST 234 — Epidemics in Western Society Since 1600; BBC — The Story of Science: Power, Proof and Passion",https://ocw.mit.edu/courses/sts-002-toward-the-scientific-revolution-fall-2003/; https://oyc.yale.edu/history/hist-234; https://www.bbc.co.uk/programmes/b00s8gcf,God; Religion; Sin; Truth,Core (1952),
Not Started,105,5,7,Hippocrates,The Book of Prognostics,Focus: opening (question/terms); one central argument or turning point; a representative example/scene; closing resolution (Read whole; then re-read these anchors),God; Religion; Sin; Truth,MIT STS.002 — ancient medicine/natural philosophy; then OYC Epidemics for medicine as social knowledge.,Lecture cue — use/search: “Hippocrates The Book of Prognostics history of medicine lecture”,"BBC Story of Science — compare observation, prognosis, anatomy, circulation, and experimental medicine.","Watch for God; Religion; Sin; Truth: medicine enters the conversation as disciplined attention to bodies, causes, signs, and practice.",MIT_STS; OYC_MEDICINE; BBC_STORY_SCI,"MIT OCW STS.002 — Toward the Scientific Revolution; Open Yale HIST 234 — Epidemics in Western Society Since 1600; BBC — The Story of Science: Power, Proof and Passion",https://ocw.mit.edu/courses/sts-002-toward-the-scientific-revolution-fall-2003/; https://oyc.yale.edu/history/hist-234; https://www.bbc.co.uk/programmes/b00s8gcf,God; Religion; Sin; Truth,Core (1952),
Not Started,106,5,8,Hippocrates,Of the Epidemics,Focus: opening (question/terms); one central argument or turning point; a representative example/scene; closing resolution (Read whole; then re-read these anchors),God; Religion; Sin; Truth,MIT STS.002 — ancient medicine/natural philosophy; then OYC Epidemics for medicine as social knowledge.,Lecture cue — use/search: “Hippocrates Of the Epidemics history of medicine lecture”,"BBC Story of Science — compare observation, prognosis, anatomy, circulation, and experimental medicine.","Watch for God; Religion; Sin; Truth: medicine enters the conversation as disciplined attention to bodies, causes, signs, and practice.",MIT_STS; OYC_MEDICINE; BBC_STORY_SCI,"MIT OCW STS.002 — Toward the Scientific Revolution; Open Yale HIST 234 — Epidemics in Western Society Since 1600; BBC — The Story of Science: Power, Proof and Passion",https://ocw.mit.edu/courses/sts-002-toward-the-scientific-revolution-fall-2003/; https://oyc.yale.edu/history/hist-234; https://www.bbc.co.uk/programmes/b00s8gcf,God; Religion; Sin; Truth,Core (1952),
Not Started,107,5,9,Hippocrates,The Law,Focus: opening (question/terms); one central argument or turning point; a representative example/scene; closing resolution (Read whole; then re-read these anchors),Law; Constitution; God; Government; Justice; Religion; Sin; State,MIT STS.002 — ancient medicine/natural philosophy; then OYC Epidemics for medicine as social knowledge.,Lecture cue — use/search: “Hippocrates The Law history of medicine lecture”,"BBC Story of Science — compare observation, prognosis, anatomy, circulation, and experimental medicine.","Watch for Law; Constitution; God; Government: medicine enters the conversation as disciplined attention to bodies, causes, signs, and practice.",MIT_STS; OYC_MEDICINE; BBC_STORY_SCI,"MIT OCW STS.002 — Toward the Scientific Revolution; Open Yale HIST 234 — Epidemics in Western Society Since 1600; BBC — The Story of Science: Power, Proof and Passion",https://ocw.mit.edu/courses/sts-002-toward-the-scientific-revolution-fall-2003/; https://oyc.yale.edu/history/hist-234; https://www.bbc.co.uk/programmes/b00s8gcf,Law; Constitution; God; Government; Justice; Religion; Sin; State,Core (1952),
Not Started,108,5,10,Hippocrates,On the Sacred Disease,Focus: opening (question/terms); one central argument or turning point; a representative example/scene; closing resolution (Read whole; then re-read these anchors),God; Religion; Sin; Truth,MIT STS.002 — ancient medicine/natural philosophy; then OYC Epidemics for medicine as social knowledge.,Lecture cue — use/search: “Hippocrates On the Sacred Disease history of medicine lecture”,"BBC Story of Science — compare observation, prognosis, anatomy, circulation, and experimental medicine.","Watch for God; Religion; Sin; Truth: medicine enters the conversation as disciplined attention to bodies, causes, signs, and practice.",MIT_STS; OYC_MEDICINE; BBC_STORY_SCI,"MIT OCW STS.002 — Toward the Scientific Revolution; Open Yale HIST 234 — Epidemics in Western Society Since 1600; BBC — The Story of Science: Power, Proof and Passion",https://ocw.mit.edu/courses/sts-002-toward-the-scientific-revolution-fall-2003/; https://oyc.yale.edu/history/hist-234; https://www.bbc.co.uk/programmes/b00s8gcf,God; Religion; Sin; Truth,Core (1952),
Not Started,109,5,11,Galen,On the Natural Faculties,Focus: opening (question/terms); one central argument or turning point; a representative example/scene; closing resolution (Read whole; then re-read these anchors),God; Religion; Sin; Truth,MIT STS.002 — ancient medicine/natural philosophy; then OYC Epidemics for medicine as social knowledge.,Lecture cue — use/search: “Galen On the Natural Faculties history of medicine lecture”,"BBC Story of Science — compare observation, prognosis, anatomy, circulation, and experimental medicine.","Watch for God; Religion; Sin; Truth: medicine enters the conversation as disciplined attention to bodies, causes, signs, and practice.",MIT_STS; OYC_MEDICINE; BBC_STORY_SCI,"MIT OCW STS.002 — Toward the Scientific Revolution; Open Yale HIST 234 — Epidemics in Western Society Since 1600; BBC — The Story of Science: Power, Proof and Passion",https://ocw.mit.edu/courses/sts-002-toward-the-scientific-revolution-fall-2003/; https://oyc.yale.edu/history/hist-234; https://www.bbc.co.uk/programmes/b00s8gcf,God; Religion; Sin; Truth,Core (1952),
Not Started,110,5,12,Virgil,The Aeneid,Focus: opening (question/terms); one central argument or turning point; a representative example/scene; closing resolution (Read whole; then re-read these anchors),God; Religion; Sin; Truth,Crash Course World History — Rome; then OYC Roman Architecture for the imperial imagination behind Augustan order.,Epic/lecture cue — use/search: “Virgil The Aeneid Aeneid Eclogues Georgics overview”,BBC Civilisation — use Rome’s afterlife in medieval and Renaissance culture as the bridge forward.,"Watch for God; Religion; Sin; Truth: Roman poetry asks whether empire can baptize loss, exile, labor, and violence into destiny.",CRASH_WORLD; OYC_ROMANARCH; OSP; BBC_CIVILISATION,"Crash Course World History; Open Yale HSAR 252 — Roman Architecture; Overly Sarcastic Productions — mythology, classics, history, and literature videos; Kenneth Clark — Civilisation",https://www.youtube.com/playlist?list=PLBDA2E52FB1EF80C9; https://oyc.yale.edu/history-of-art/hsar-252; https://www.overlysarcasticproductions.com/projects; https://www.bbcselect.com/watch/civilisation/,God; Religion; Sin; Truth,Core (1952),
Not Started,111,5,13,Ptolemy,The Almagest,"Book I, Ch. 1-8",Knowledge; Justice; Truth; Reasoning,MIT STS.002 — scientific revolution / natural philosophy context; then BBC Story of Science for the long arc of method and proof.,Lecture cue — use/search: “Ptolemy The Almagest science history lecture”,"Use OYC Astrophysics, MIT Mechanics, or NOVA as appropriate to see the modern consequence of the model.","Watch for Knowledge; Justice; Truth; Reasoning: science here changes what counts as explanation: model, measurement, experiment, law, and reality.",MIT_STS; BBC_STORY_SCI; OYC_ASTRO,"MIT OCW STS.002 — Toward the Scientific Revolution; BBC — The Story of Science: Power, Proof and Passion; Open Yale ASTR 160 — Frontiers and Controversies in Astrophysics",https://ocw.mit.edu/courses/sts-002-toward-the-scientific-revolution-fall-2003/; https://www.bbc.co.uk/programmes/b00s8gcf; https://oyc.yale.edu/astronomy/astr-160,Truth; Knowledge; Reasoning; Justice,Core (1952),
Not Started,112,5,14,Copernicus,Revolutions of the Heavenly Spheres,"Introduction-Book I, Ch. 11",Government; Evolution; Law; Hypothesis; Science; State; Nature; Revolution,MIT STS.002 — scientific revolution / natural philosophy context; then BBC Story of Science for the long arc of method and proof.,Lecture cue — use/search: “Copernicus Revolutions of the Heavenly Spheres science history lecture”,"Use OYC Astrophysics, MIT Mechanics, or NOVA as appropriate to see the modern consequence of the model.","Watch for Government; Evolution; Law; Hypothesis: science here changes what counts as explanation: model, measurement, experiment, law, and reality.",MIT_STS; BBC_STORY_SCI; OYC_ASTRO,"MIT OCW STS.002 — Toward the Scientific Revolution; BBC — The Story of Science: Power, Proof and Passion; Open Yale ASTR 160 — Frontiers and Controversies in Astrophysics",https://ocw.mit.edu/courses/sts-002-toward-the-scientific-revolution-fall-2003/; https://www.bbc.co.uk/programmes/b00s8gcf; https://oyc.yale.edu/astronomy/astr-160,Government; Science; State; Evolution; Law; Nature; Revolution; Hypothesis,Core (1952),
Not Started,113,5,15,Kepler,Epitome of Copernican Astronomy,"Book IV, Part II, Ch. 1-2",Art; Astronomy; Beauty; Form; Hypothesis; Science; Space; Physics,MIT STS.002 — scientific revolution / natural philosophy context; then BBC Story of Science for the long arc of method and proof.,Lecture cue — use/search: “Kepler Epitome of Copernican Astronomy science history lecture”,"Use OYC Astrophysics, MIT Mechanics, or NOVA as appropriate to see the modern consequence of the model.","Watch for Art; Astronomy; Beauty; Form: science here changes what counts as explanation: model, measurement, experiment, law, and reality.",MIT_STS; BBC_STORY_SCI; OYC_ASTRO,"MIT OCW STS.002 — Toward the Scientific Revolution; BBC — The Story of Science: Power, Proof and Passion; Open Yale ASTR 160 — Frontiers and Controversies in Astrophysics",https://ocw.mit.edu/courses/sts-002-toward-the-scientific-revolution-fall-2003/; https://www.bbc.co.uk/programmes/b00s8gcf; https://oyc.yale.edu/astronomy/astr-160,Science; Art; Astronomy; Beauty; Form; Space; Hypothesis; Physics,Core (1952),
Not Started,114,5,16,Plotinus,Sixth Ennead,Focus: opening (question/terms); one central argument or turning point; a representative example/scene; closing resolution (Read whole; then re-read these anchors),God; Religion; Sin; Truth,Bryan Magee / ancient philosophy overview; then BBC Civilisation for late antique and medieval spiritual imagination.,Gregory B. Sadler — use/search: “Plotinus Sixth Ennead lecture Neoplatonism”,OYC Dante in Translation — use Dante’s cosmos to see Neoplatonic ascent entering medieval poetry.,"Watch for God; Religion; Sin; Truth: Plotinus turns Plato upward: soul, intellect, beauty, and the One become a ladder of return.",SADLER; MAGEE; BBC_CIVILISATION; OYC_DANTE,Gregory B. Sadler — philosophy text lectures and core concepts; Bryan Magee — Great Philosophers / Men of Ideas interviews; Kenneth Clark — Civilisation; Open Yale ITAL 310 — Dante in Translation,https://www.youtube.com/@GregoryBSadler; https://www.openculture.com/2012/05/bryan_magees_in-depth_uncut_tv_conversations_with_famous_philosophers_1978-87.html; https://www.bbcselect.com/watch/civilisation/; https://oyc.yale.edu/italian-language-and-literature/ital-310,God; Religion; Sin; Truth,Core (1952),
Not Started,115,5,17,St. Thomas Aquinas,Summa Theologica,"Part I, QQ 75-76, 78-79",God; Justice; Law; Reasoning; Soul; Theology; Truth; Virtue and Vice,BBC Civilisation — medieval world; then Dante in Translation for the theological-cosmic imagination Aquinas inhabits.,Gregory B. Sadler — use/search: “St. Thomas Aquinas Summa Theologica lecture”,"Bryan Magee / medieval philosophy episode; map reason, revelation, law, soul, and being.",Watch for God; Justice; Law; Reasoning: the medieval move is not anti-reason; it is reason asking where its authority comes from.,BBC_CIVILISATION; SADLER; MAGEE; OYC_DANTE,Kenneth Clark — Civilisation; Gregory B. Sadler — philosophy text lectures and core concepts; Bryan Magee — Great Philosophers / Men of Ideas interviews; Open Yale ITAL 310 — Dante in Translation,https://www.bbcselect.com/watch/civilisation/; https://www.youtube.com/@GregoryBSadler; https://www.openculture.com/2012/05/bryan_magees_in-depth_uncut_tv_conversations_with_famous_philosophers_1978-87.html; https://oyc.yale.edu/italian-language-and-literature/ital-310,Reasoning; God; Justice; Law; Soul; Theology; Truth; Virtue and Vice,Core (1952),
Not Started,116,5,18,Dante,The Divine Comedy (Inferno),Focus: opening (question/terms); one central argument or turning point; a representative example/scene; closing resolution (Read whole; then re-read these anchors),God; Justice; Life and Death; Love; Sin; Theology; Religion,"OYC Dante in Translation — introductory lecture on Dante’s life, exile, politics, love, and cosmic architecture.",Open Yale Dante in Translation — use/search: “The Divine Comedy (Inferno) lecture”,BBC Civilisation / PBS Medici — connect medieval order to Renaissance humanism.,"Watch for God; Justice; Life and Death; Love: Dante makes the soul’s moral condition visible as geography, poetry, memory, and love.",OYC_DANTE; BBC_CIVILISATION; PBS_MEDICI,Open Yale ITAL 310 — Dante in Translation; Kenneth Clark — Civilisation; PBS Empires — Medici: Godfathers of the Renaissance,https://oyc.yale.edu/italian-language-and-literature/ital-310; https://www.bbcselect.com/watch/civilisation/; https://www.pbs.org/empires/medici/,God; Sin; Justice; Life and Death; Love; Theology; Religion,Core (1952),
Not Started,117,5,19,Harvey,The Motion of the Heart and Blood,Focus: opening (question/terms); one central argument or turning point; a representative example/scene; closing resolution (Read whole; then re-read these anchors),Art; Beauty; Form; God; Religion; Sin,MIT STS.002 — ancient medicine/natural philosophy; then OYC Epidemics for medicine as social knowledge.,Lecture cue — use/search: “Harvey The Motion of the Heart and Blood history of medicine lecture”,"BBC Story of Science — compare observation, prognosis, anatomy, circulation, and experimental medicine.","Watch for Art; Beauty; Form; God: medicine enters the conversation as disciplined attention to bodies, causes, signs, and practice.",MIT_STS; OYC_MEDICINE; BBC_STORY_SCI,"MIT OCW STS.002 — Toward the Scientific Revolution; Open Yale HIST 234 — Epidemics in Western Society Since 1600; BBC — The Story of Science: Power, Proof and Passion",https://ocw.mit.edu/courses/sts-002-toward-the-scientific-revolution-fall-2003/; https://oyc.yale.edu/history/hist-234; https://www.bbc.co.uk/programmes/b00s8gcf,Art; Beauty; Form; God; Religion; Sin,Core (1952),
Not Started,118,5,20,Cervantes,Don Quixote,Part I,Art; Beauty; Form; Truth,"OYC Cervantes — first lecture on Don Quixote, romance, narration, and early modern Spain.",Open Yale Cervantes — use/search: “Don Quixote lecture”,Crash Course Literature / BBC Civilisation — connect Quixote to the birth of the modern novel.,"Watch for Art; Beauty; Form; Truth: Cervantes makes reality depend on reading, and makes reading answerable to reality.",OYC_CERVANTES; BBC_CIVILISATION; CRASH_LIT,Open Yale SPAN 300 — Cervantes' Don Quixote; Kenneth Clark — Civilisation; Crash Course Literature,https://oyc.yale.edu/spanish-and-portuguese/span-300; https://www.bbcselect.com/watch/civilisation/; https://thecrashcourse.com/topic/literature/,Art; Beauty; Form; Truth,Core (1952),
Not Started,119,5,21,Spinoza,Ethics,Part II,God; Art; Metaphysics; Nature; Reasoning; Truth; Virtue and Vice; Will,"Bryan Magee — watch the matching philosopher/tradition episode first, or OYC Theory for the interpretive frame.",Gregory B. Sadler — use/search: “Spinoza Ethics lecture”,"Return to Magee/OYC Theory; locate the break: certainty, substance, freedom, history, language, being, or value.",Watch for God; Art; Metaphysics; Nature: modern philosophy often begins when inherited certainty becomes a problem rather than a possession.,MIT_STS; MAGEE; SADLER; OYC_THEORY; BBC_STORY_SCI,"MIT OCW STS.002 — Toward the Scientific Revolution; Bryan Magee — Great Philosophers / Men of Ideas interviews; Gregory B. Sadler — philosophy text lectures and core concepts; Open Yale ENGL 300 — Introduction to Theory of Literature; BBC — The Story of Science: Power, Proof and Passion",https://ocw.mit.edu/courses/sts-002-toward-the-scientific-revolution-fall-2003/; https://www.openculture.com/2012/05/bryan_magees_in-depth_uncut_tv_conversations_with_famous_philosophers_1978-87.html; https://www.youtube.com/@GregoryBSadler; https://oyc.yale.edu/english/engl-300; https://www.bbc.co.uk/programmes/b00s8gcf,God; Metaphysics; Nature; Reasoning; Truth; Virtue and Vice; Will; Art,Core (1952),
Not Started,120,5,22,Berkeley,The Principles of Human Knowledge,Focus: opening (question/terms); one central argument or turning point; a representative example/scene; closing resolution (Read whole; then re-read these anchors),Knowledge; Idea; God; Truth; Metaphysics; Mind; Sense; Reasoning,"Bryan Magee — watch the matching philosopher/tradition episode first, or OYC Theory for the interpretive frame.",Gregory B. Sadler — use/search: “Berkeley The Principles of Human Knowledge lecture”,"Return to Magee/OYC Theory; locate the break: certainty, substance, freedom, history, language, being, or value.",Watch for Knowledge; Idea; God; Truth: modern philosophy often begins when inherited certainty becomes a problem rather than a possession.,MIT_STS; MAGEE; SADLER; OYC_THEORY; BBC_STORY_SCI,"MIT OCW STS.002 — Toward the Scientific Revolution; Bryan Magee — Great Philosophers / Men of Ideas interviews; Gregory B. Sadler — philosophy text lectures and core concepts; Open Yale ENGL 300 — Introduction to Theory of Literature; BBC — The Story of Science: Power, Proof and Passion",https://ocw.mit.edu/courses/sts-002-toward-the-scientific-revolution-fall-2003/; https://www.openculture.com/2012/05/bryan_magees_in-depth_uncut_tv_conversations_with_famous_philosophers_1978-87.html; https://www.youtube.com/@GregoryBSadler; https://oyc.yale.edu/english/engl-300; https://www.bbc.co.uk/programmes/b00s8gcf,Knowledge; Truth; Idea; Metaphysics; Mind; Sense; God; Reasoning,Core (1952),
Not Started,121,5,23,Kant,Critique of Pure Reason,Transcendental Analytic,Knowledge; Experience; Judgment; Duty; Reasoning; Metaphysics; Mind; Truth,"Bryan Magee — watch the matching philosopher/tradition episode first, or OYC Theory for the interpretive frame.",Gregory B. Sadler — use/search: “Kant Critique of Pure Reason lecture”,"Return to Magee/OYC Theory; locate the break: certainty, substance, freedom, history, language, being, or value.",Watch for Knowledge; Experience; Judgment; Duty: modern philosophy often begins when inherited certainty becomes a problem rather than a possession.,OYC_POLPHIL; MAGEE; SADLER; OYC_THEORY; HARVARD_JUSTICE,Open Yale PLSC 114 — Introduction to Political Philosophy; Bryan Magee — Great Philosophers / Men of Ideas interviews; Gregory B. Sadler — philosophy text lectures and core concepts; Open Yale ENGL 300 — Introduction to Theory of Literature; Harvard Justice — Michael Sandel course videos,https://oyc.yale.edu/political-science/plsc-114; https://www.openculture.com/2012/05/bryan_magees_in-depth_uncut_tv_conversations_with_famous_philosophers_1978-87.html; https://www.youtube.com/@GregoryBSadler; https://oyc.yale.edu/english/engl-300; https://justiceharvard.org/,Knowledge; Reasoning; Experience; Judgment; Metaphysics; Mind; Truth; Duty,Core (1952),
Not Started,122,5,24,Darwin,The Origin of Species,Introduction-Ch. 6; Ch. 15,Cause; Chance; Evolution; Life and Death; Nature; Science,HHMI Origin of Species: The Making of a Theory; then OYC Evolution/Ecology opening lectures.,Lecture cue — use/search: “Darwin The Origin of Species evolution lecture”,"BBC Story of Science — life/evolution episode; compare teleology, descent, chance, adaptation, and human nature.",Watch for Cause; Chance; Evolution; Life and Death: evolution changes the question of nature from fixed form to historical descent.,HHMI_ORIGIN; OYC_EEB; BBC_STORY_SCI,"HHMI BioInteractive — Origin of Species: The Making of a Theory; Open Yale E&EB 122 — Principles of Evolution, Ecology and Behavior; BBC — The Story of Science: Power, Proof and Passion",https://www.biointeractive.org/classroom-resources/origin-species-making-theory; https://oyc.yale.edu/ecology-and-evolutionary-biology/eeb-122; https://www.bbc.co.uk/programmes/b00s8gcf,Cause; Chance; Evolution; Life and Death; Nature; Science,Core (1952),
Not Started,123,5,25,Tolstoy,War and Peace,Book I-VIII,Courage; Honor; War and Peace; Truth,Crash Course Literature — use the author/work video when available; otherwise use the genre/period video.,Lecture cue — use/search: “Tolstoy War and Peace lecture”,"Open Yale Theory of Literature or European Civilization — connect form, society, class, consciousness, and modernity.","Watch for Courage; Honor; War and Peace; Truth: the modern novel often makes consciousness, society, and narration itself part of the argument.",CRASH_LIT; OYC_THEORY; OYC_EUROCIV,"Crash Course Literature; Open Yale ENGL 300 — Introduction to Theory of Literature; Open Yale HIST 202 — European Civilization, 1648–1945",https://thecrashcourse.com/topic/literature/; https://oyc.yale.edu/english/engl-300; https://oyc.yale.edu/history/hist-202,Courage; Honor; War and Peace; Truth,Core (1952),
Not Started,124,5,26,James,Principles of Psychology,Ch. XXVIII,Emotion; Experience; Knowledge; Memory and Imagination; Mind; Reasoning; Truth; Will,"OYC Psychology — lectures on consciousness, memory, self, and development; then philosophy context for pragmatism.",Lecture cue — use/search: “William James Principles of Psychology psychology pragmatism lecture”,"Bryan Magee / Sadler on pragmatism; connect experience, habit, will, truth, and practical consequences.",Watch for Emotion; Experience; Knowledge; Memory and Imagination: James makes experience primary: consciousness flows before concepts carve it up.,OYC_PSYCH; SADLER; OYC_THEORY; MAGEE,Open Yale PSYC 110 — Introduction to Psychology; Gregory B. Sadler — philosophy text lectures and core concepts; Open Yale ENGL 300 — Introduction to Theory of Literature; Bryan Magee — Great Philosophers / Men of Ideas interviews,https://oyc.yale.edu/introduction-psychology/psyc-110; https://www.youtube.com/@GregoryBSadler; https://oyc.yale.edu/english/engl-300; https://www.openculture.com/2012/05/bryan_magees_in-depth_uncut_tv_conversations_with_famous_philosophers_1978-87.html,Emotion; Experience; Knowledge; Memory and Imagination; Mind; Reasoning; Truth; Will,Core (1952),
Not Started,125,5,27,Dewey,Experience and Education,Focus: opening (question/terms); one central argument or turning point; a representative example/scene; closing resolution (Read whole; then re-read these anchors),Education; Experience; God; Knowledge; Religion; Sin,OYC Psychology for learning and development; then Harvard Justice for education as citizenship formation.,Lecture cue — use/search: “John Dewey Experience and Education lecture”,"Compare Dewey to Aristotle: habit, practice, community, experience, and formation.",Watch for Education; Experience; God; Knowledge: education becomes philosophy in action: experience disciplined into growth.,OYC_PSYCH; SADLER; HARVARD_JUSTICE,Open Yale PSYC 110 — Introduction to Psychology; Gregory B. Sadler — philosophy text lectures and core concepts; Harvard Justice — Michael Sandel course videos,https://oyc.yale.edu/introduction-psychology/psyc-110; https://www.youtube.com/@GregoryBSadler; https://justiceharvard.org/,Education; Experience; God; Knowledge; Religion; Sin,Expansion (1990),
Not Started,126,5,28,Waddington,The Nature of Life,Focus: opening (question/terms); one central argument or turning point; a representative example/scene; closing resolution (Read whole; then re-read these anchors),Cause; Evolution; Life and Death; God; Nature; Science; Physics; Religion,HHMI Origin of Species: The Making of a Theory; then OYC Evolution/Ecology opening lectures.,Lecture cue — use/search: “Waddington The Nature of Life evolution lecture”,"BBC Story of Science — life/evolution episode; compare teleology, descent, chance, adaptation, and human nature.",Watch for Cause; Evolution; Life and Death; God: evolution changes the question of nature from fixed form to historical descent.,HHMI_ORIGIN; OYC_EEB; BBC_STORY_SCI,"HHMI BioInteractive — Origin of Species: The Making of a Theory; Open Yale E&EB 122 — Principles of Evolution, Ecology and Behavior; BBC — The Story of Science: Power, Proof and Passion",https://www.biointeractive.org/classroom-resources/origin-species-making-theory; https://oyc.yale.edu/ecology-and-evolutionary-biology/eeb-122; https://www.bbc.co.uk/programmes/b00s8gcf,Nature; Science; Cause; Evolution; Life and Death; God; Physics; Religion,Expansion (1990),
Not Started,127,5,29,Orwell,Animal Farm,Focus: revolution dynamics; slogans; power consolidation; final transformation (Read whole; then re-read these anchors),Government; Law; Justice; Revolution; Truth; Tyranny and Despotism; Science; State,PBS American Masters — George Orwell; then Crash Course Literature context if available.,Lecture cue — use/search: “Orwell Animal Farm lecture”,"OYC European Civilization — totalitarianism, ideology, language, and political truth.",Watch for Government; Law; Justice; Revolution: Orwell treats language as the battlefield where truth and power meet.,PBS_ORWELL; CRASH_LIT; OYC_EUROCIV,"PBS American Masters — George Orwell; Crash Course Literature; Open Yale HIST 202 — European Civilization, 1648–1945",https://www.pbs.org/wnet/americanmasters/george-orwell-about-george-orwell-a-life-in-pictures/709/; https://thecrashcourse.com/topic/literature/; https://oyc.yale.edu/history/hist-202,Government; Law; Revolution; Justice; Truth; Tyranny and Despotism; Science; State,Expansion (1990),
Not Started,128,5,30,Dobzhansky,Genetics and the Origin of Species,Preface; Ch. 1-3; selected chapters on variation/speciation,Cause; Chance; Evolution; Life and Death; Nature; Science,HHMI Origin of Species: The Making of a Theory; then OYC Evolution/Ecology opening lectures.,Lecture cue — use/search: “Dobzhansky Genetics and the Origin of Species evolution lecture”,"BBC Story of Science — life/evolution episode; compare teleology, descent, chance, adaptation, and human nature.",Watch for Cause; Chance; Evolution; Life and Death: evolution changes the question of nature from fixed form to historical descent.,HHMI_ORIGIN; OYC_EEB; BBC_STORY_SCI,"HHMI BioInteractive — Origin of Species: The Making of a Theory; Open Yale E&EB 122 — Principles of Evolution, Ecology and Behavior; BBC — The Story of Science: Power, Proof and Passion",https://www.biointeractive.org/classroom-resources/origin-species-making-theory; https://oyc.yale.edu/ecology-and-evolutionary-biology/eeb-122; https://www.bbc.co.uk/programmes/b00s8gcf,Cause; Chance; Evolution; Life and Death; Nature; Science,Expansion (1990),Modern synthesis near Darwin
Not Started,129,5,31,Harvey,On the Circulation of Blood,Focus: experiments & quantitative argument for circulation; key objections,Knowledge; Justice; Truth; Reasoning,MIT STS.002 — ancient medicine/natural philosophy; then OYC Epidemics for medicine as social knowledge.,Lecture cue — use/search: “Harvey On the Circulation of Blood history of medicine lecture”,"BBC Story of Science — compare observation, prognosis, anatomy, circulation, and experimental medicine.","Watch for Knowledge; Justice; Truth; Reasoning: medicine enters the conversation as disciplined attention to bodies, causes, signs, and practice.",MIT_STS; OYC_MEDICINE; BBC_STORY_SCI,"MIT OCW STS.002 — Toward the Scientific Revolution; Open Yale HIST 234 — Epidemics in Western Society Since 1600; BBC — The Story of Science: Power, Proof and Passion",https://ocw.mit.edu/courses/sts-002-toward-the-scientific-revolution-fall-2003/; https://oyc.yale.edu/history/hist-234; https://www.bbc.co.uk/programmes/b00s8gcf,Truth; Knowledge; Reasoning; Justice,Core (1952),Place alongside Motion of the Heart and Blood
Not Started,130,5,32,Kepler,The Harmonies of the World,Focus: Preface/Intro; Book V (planetary harmonies & 3rd law),Law; Constitution; Government; Justice; State,MIT STS.002 — scientific revolution / natural philosophy context; then BBC Story of Science for the long arc of method and proof.,Lecture cue — use/search: “Kepler The Harmonies of the World science history lecture”,"Use OYC Astrophysics, MIT Mechanics, or NOVA as appropriate to see the modern consequence of the model.","Watch for Law; Constitution; Government; Justice: science here changes what counts as explanation: model, measurement, experiment, law, and reality.",MIT_STS; BBC_STORY_SCI; OYC_ASTRO,"MIT OCW STS.002 — Toward the Scientific Revolution; BBC — The Story of Science: Power, Proof and Passion; Open Yale ASTR 160 — Frontiers and Controversies in Astrophysics",https://ocw.mit.edu/courses/sts-002-toward-the-scientific-revolution-fall-2003/; https://www.bbc.co.uk/programmes/b00s8gcf; https://oyc.yale.edu/astronomy/astr-160,Law; Constitution; Government; Justice; State,Core (1952),Place near Copernicus/Kepler astronomy cluster
Not Started,131,6,1,Old Testament,Genesis,Focus: opening (question/terms); one central argument or turning point; a representative example/scene; closing resolution (Read whole; then re-read these anchors),God; Fate; Justice; Law; Life and Death; Love; Religion; Sin,BibleProject — overview video for Genesis; then OYC Old Testament opening/context lecture.,Open Yale RLST 145 — use/search: “Genesis Hebrew Bible lecture”,PBS Battle for the Bible — use the later translation conflict to see how ancient text becomes civilizational authority.,"Watch for God; Fate; Justice; Law: Israel’s texts turn creation, law, covenant, prophecy, exile, and justice into a historical drama.",BIBLEPROJECT; OYC_OT; PBS_BATTLE_BIBLE,BibleProject — Bible book overview videos; Open Yale RLST 145 — Introduction to the Old Testament / Hebrew Bible; PBS Secrets of the Dead — Battle for the Bible,https://bibleproject.com/videos/collections/; https://oyc.yale.edu/religious-studies/rlst-145; https://www.pbs.org/wnet/secrets/battle-for-the-bible-about-the-episode/7154/,God; Religion; Sin; Fate; Justice; Law; Life and Death; Love,Core (1952),
Not Started,132,6,2,Old Testament,Exodus,Focus: opening (question/terms); one central argument or turning point; a representative example/scene; closing resolution (Read whole; then re-read these anchors),God; Fate; Justice; Law; Life and Death; Love; Religion; Sin,BibleProject — overview video for Exodus; then OYC Old Testament opening/context lecture.,Open Yale RLST 145 — use/search: “Exodus Hebrew Bible lecture”,PBS Battle for the Bible — use the later translation conflict to see how ancient text becomes civilizational authority.,"Watch for God; Fate; Justice; Law: Israel’s texts turn creation, law, covenant, prophecy, exile, and justice into a historical drama.",BIBLEPROJECT; OYC_OT; PBS_BATTLE_BIBLE,BibleProject — Bible book overview videos; Open Yale RLST 145 — Introduction to the Old Testament / Hebrew Bible; PBS Secrets of the Dead — Battle for the Bible,https://bibleproject.com/videos/collections/; https://oyc.yale.edu/religious-studies/rlst-145; https://www.pbs.org/wnet/secrets/battle-for-the-bible-about-the-episode/7154/,God; Religion; Sin; Fate; Justice; Law; Life and Death; Love,Core (1952),
Not Started,133,6,3,Old Testament,Deuteronomy,Focus: opening (question/terms); one central argument or turning point; a representative example/scene; closing resolution (Read whole; then re-read these anchors),God; Fate; Justice; Law; Life and Death; Love; Religion; Sin,BibleProject — overview video for Deuteronomy; then OYC Old Testament opening/context lecture.,Open Yale RLST 145 — use/search: “Deuteronomy Hebrew Bible lecture”,PBS Battle for the Bible — use the later translation conflict to see how ancient text becomes civilizational authority.,"Watch for God; Fate; Justice; Law: Israel’s texts turn creation, law, covenant, prophecy, exile, and justice into a historical drama.",BIBLEPROJECT; OYC_OT; PBS_BATTLE_BIBLE,BibleProject — Bible book overview videos; Open Yale RLST 145 — Introduction to the Old Testament / Hebrew Bible; PBS Secrets of the Dead — Battle for the Bible,https://bibleproject.com/videos/collections/; https://oyc.yale.edu/religious-studies/rlst-145; https://www.pbs.org/wnet/secrets/battle-for-the-bible-about-the-episode/7154/,God; Religion; Sin; Fate; Justice; Law; Life and Death; Love,Core (1952),
Not Started,134,6,4,Homer,The Odyssey,Focus: Telemachy; Cyclops; underworld; recognition scenes; homecoming order (Read whole; then re-read these anchors),Desire; Experience; Family; Fate; Justice; Life and Death; Love; Courage,"PBS Empires — The Greeks: Crucible of Civilization; then OYC Greek History opening lectures on the Bronze Age, Homeric world, and polis.","Overly Sarcastic Productions or a lecture source — use/search: “Homer The Odyssey overview; then read with a map of gods, honor, guest-friendship, and homecoming”",Crash Course World History — use the Greece/Persia/polis videos to connect epic values to later civic politics.,"Watch for Desire; Experience; Family; Fate: epic is the old operating system of honor, anger, hospitality, memory, fate, and divine order.",PBS_GREEKS; OYC_GREEK; OSP; CRASH_WORLD,"PBS Empires — The Greeks: Crucible of Civilization; Open Yale CLCV 205 — Introduction to Ancient Greek History; Overly Sarcastic Productions — mythology, classics, history, and literature videos; Crash Course World History",https://www.pbs.org/empires/thegreeks/; https://oyc.yale.edu/classics/clcv-205; https://www.overlysarcasticproductions.com/projects; https://www.youtube.com/playlist?list=PLBDA2E52FB1EF80C9,Desire; Experience; Family; Fate; Justice; Life and Death; Love; Courage,Core (1952),
Not Started,135,6,5,Plato,Laws,Book X,Law; Government; Justice; Dialectic; Education; Good and Evil; Knowledge; Love,"OYC PLSC 114 — watch the opening lectures on Socrates, polis, justice, and philosophy as public danger.",Gregory B. Sadler — use/search: “Plato Laws text lecture core concepts”,Bryan Magee — Plato episode; then write the question Plato leaves harder than he found it.,Watch for Law; Government; Justice; Dialectic: Plato rarely hands you a doctrine first; he stages a soul learning how to ask.,OYC_POLPHIL; SADLER; MAGEE,Open Yale PLSC 114 — Introduction to Political Philosophy; Gregory B. Sadler — philosophy text lectures and core concepts; Bryan Magee — Great Philosophers / Men of Ideas interviews,https://oyc.yale.edu/political-science/plsc-114; https://www.youtube.com/@GregoryBSadler; https://www.openculture.com/2012/05/bryan_magees_in-depth_uncut_tv_conversations_with_famous_philosophers_1978-87.html,Law; Government; Justice; Dialectic; Education; Good and Evil; Knowledge; Love,Core (1952),
Not Started,136,6,6,Aristotle,Metaphysics,Book XII,Being; Cause; Change; Form; Science; Physics; Metaphysics; Philosophy,MIT STS.002 — ancient-to-Renaissance natural philosophy; then BBC Story of Science for the shift from nature to method.,Gregory B. Sadler — use/search: “Aristotle Metaphysics lecture”,"Bryan Magee — Aristotle episode; then compare causes, substance, motion, and modern science.",Watch for Being; Cause; Change; Form: Aristotle makes nature thinkable by asking what change is and what must persist through it.,MIT_STS; BBC_STORY_SCI; SADLER; MAGEE,"MIT OCW STS.002 — Toward the Scientific Revolution; BBC — The Story of Science: Power, Proof and Passion; Gregory B. Sadler — philosophy text lectures and core concepts; Bryan Magee — Great Philosophers / Men of Ideas interviews",https://ocw.mit.edu/courses/sts-002-toward-the-scientific-revolution-fall-2003/; https://www.bbc.co.uk/programmes/b00s8gcf; https://www.youtube.com/@GregoryBSadler; https://www.openculture.com/2012/05/bryan_magees_in-depth_uncut_tv_conversations_with_famous_philosophers_1978-87.html,Science; Physics; Being; Metaphysics; Philosophy; Cause; Change; Form,Core (1952),
Not Started,137,6,7,Tacitus,The Histories,Focus: civil war mechanics; character portraits; propaganda & legitimacy (Read whole; then re-read these anchors),Courage; Honor; Hypothesis; Science; Physics; Mechanics; War and Peace,Crash Course World History — Roman Republic/Roman Empire context; then OYC Roman Architecture for empire as a visible political order.,Lecture/documentary cue — use/search: “Tacitus The Histories Rome virtue empire decline”,BBC Civilisation or OYC European Civilization — use the fall/legacy of Rome as the bridge to Christianity and modern Europe.,"Watch for Courage; Honor; Hypothesis; Science: Rome turns character into public consequence: virtue, ambition, empire, decay, and institutional memory.",CRASH_WORLD; OYC_ROMANARCH; OYC_EUROCIV; BBC_CIVILISATION,"Crash Course World History; Open Yale HSAR 252 — Roman Architecture; Open Yale HIST 202 — European Civilization, 1648–1945; Kenneth Clark — Civilisation",https://www.youtube.com/playlist?list=PLBDA2E52FB1EF80C9; https://oyc.yale.edu/history-of-art/hsar-252; https://oyc.yale.edu/history/hist-202; https://www.bbcselect.com/watch/civilisation/,Science; Physics; Courage; Honor; Mechanics; War and Peace; Hypothesis,Core (1952),
Not Started,138,6,8,Plotinus,Fifth Ennead,Focus: opening (question/terms); one central argument or turning point; a representative example/scene; closing resolution (Read whole; then re-read these anchors),God; Religion; Sin; Truth,Bryan Magee / ancient philosophy overview; then BBC Civilisation for late antique and medieval spiritual imagination.,Gregory B. Sadler — use/search: “Plotinus Fifth Ennead lecture Neoplatonism”,OYC Dante in Translation — use Dante’s cosmos to see Neoplatonic ascent entering medieval poetry.,"Watch for God; Religion; Sin; Truth: Plotinus turns Plato upward: soul, intellect, beauty, and the One become a ladder of return.",SADLER; MAGEE; BBC_CIVILISATION; OYC_DANTE,Gregory B. Sadler — philosophy text lectures and core concepts; Bryan Magee — Great Philosophers / Men of Ideas interviews; Kenneth Clark — Civilisation; Open Yale ITAL 310 — Dante in Translation,https://www.youtube.com/@GregoryBSadler; https://www.openculture.com/2012/05/bryan_magees_in-depth_uncut_tv_conversations_with_famous_philosophers_1978-87.html; https://www.bbcselect.com/watch/civilisation/; https://oyc.yale.edu/italian-language-and-literature/ital-310,God; Religion; Sin; Truth,Core (1952),
Not Started,139,6,9,St. Augustine,The City of God,Book XV-XVIII,God; Government; History; Justice; Law; Religion; Theology; State,BBC Civilisation — late antique/Christian transition context; then OYC New Testament background if needed.,Gregory B. Sadler — use/search: “St. Augustine The City of God lecture”,Bryan Magee or a late-antique Christianity lecture; ask how inwardness becomes philosophical evidence.,"Watch for God; Government; History; Justice: Christian thought absorbs classical philosophy by relocating the drama inside memory, will, sin, grace, and time.",BBC_CIVILISATION; OYC_NT; SADLER; MAGEE,Kenneth Clark — Civilisation; Open Yale RLST 152 — Introduction to New Testament History and Literature; Gregory B. Sadler — philosophy text lectures and core concepts; Bryan Magee — Great Philosophers / Men of Ideas interviews,https://www.bbcselect.com/watch/civilisation/; https://oyc.yale.edu/religious-studies/rlst-152; https://www.youtube.com/@GregoryBSadler; https://www.openculture.com/2012/05/bryan_magees_in-depth_uncut_tv_conversations_with_famous_philosophers_1978-87.html,God; Religion; Theology; Government; History; Justice; Law; State,Core (1952),
Not Started,140,6,10,St. Thomas Aquinas,Summa Theologica,"Part I, QQ 1-13",God; Justice; Law; Reasoning; Soul; Theology; Truth; Virtue and Vice,BBC Civilisation — medieval world; then Dante in Translation for the theological-cosmic imagination Aquinas inhabits.,Gregory B. Sadler — use/search: “St. Thomas Aquinas Summa Theologica lecture”,"Bryan Magee / medieval philosophy episode; map reason, revelation, law, soul, and being.",Watch for God; Justice; Law; Reasoning: the medieval move is not anti-reason; it is reason asking where its authority comes from.,BBC_CIVILISATION; SADLER; MAGEE; OYC_DANTE,Kenneth Clark — Civilisation; Gregory B. Sadler — philosophy text lectures and core concepts; Bryan Magee — Great Philosophers / Men of Ideas interviews; Open Yale ITAL 310 — Dante in Translation,https://www.bbcselect.com/watch/civilisation/; https://www.youtube.com/@GregoryBSadler; https://www.openculture.com/2012/05/bryan_magees_in-depth_uncut_tv_conversations_with_famous_philosophers_1978-87.html; https://oyc.yale.edu/italian-language-and-literature/ital-310,Reasoning; God; Justice; Law; Soul; Theology; Truth; Virtue and Vice,Core (1952),
Not Started,141,6,11,Dante,The Divine Comedy (Purgatory),Focus: opening (question/terms); one central argument or turning point; a representative example/scene; closing resolution (Read whole; then re-read these anchors),God; Justice; Love; Sin; Theology; Virtue and Vice; Religion,"OYC Dante in Translation — introductory lecture on Dante’s life, exile, politics, love, and cosmic architecture.",Open Yale Dante in Translation — use/search: “The Divine Comedy (Purgatory) lecture”,BBC Civilisation / PBS Medici — connect medieval order to Renaissance humanism.,"Watch for God; Justice; Love; Sin: Dante makes the soul’s moral condition visible as geography, poetry, memory, and love.",OYC_DANTE; BBC_CIVILISATION; PBS_MEDICI,Open Yale ITAL 310 — Dante in Translation; Kenneth Clark — Civilisation; PBS Empires — Medici: Godfathers of the Renaissance,https://oyc.yale.edu/italian-language-and-literature/ital-310; https://www.bbcselect.com/watch/civilisation/; https://www.pbs.org/empires/medici/,God; Sin; Justice; Love; Theology; Virtue and Vice; Religion,Core (1952),
Not Started,142,6,12,Shakespeare,Comedy of Errors,Focus: mistaken identity as social order test; family recognition; closure (Read whole; then re-read these anchors),Love; Desire; Emotion; Fate; Good and Evil; Justice; Tyranny and Despotism; War and Peace,"RSC Shakespeare Learning Zone — Comedy of Errors; watch plot, characters, and key scenes before reading.","Watch a staged production through RSC Watch Online, Globe Player, Digital Theatre, or another reputable production source: Comedy of Errors.","Crash Course Literature/Theater — use the genre context: tragedy, comedy, history play, rhetoric, or political theatre.",Watch for Love; Desire; Emotion; Fate: Shakespeare makes public order and private speech collide inside the same human voice.,RSC_LEARN; RSC_STREAM; GLOBE_PLAYER; CRASH_LIT; CRASH_THEATER,Royal Shakespeare Company — Shakespeare Learning Zone; Royal Shakespeare Company — Watch Online; Shakespeare's Globe Player; Crash Course Literature; Crash Course Theater and Drama,https://www.rsc.org.uk/shakespeare-learning-zone; https://www.rsc.org.uk/watch-online; https://player.shakespearesglobe.com/; https://thecrashcourse.com/topic/literature/; https://thecrashcourse.com/topic/theaterdrama/,Love; Desire; Emotion; Fate; Good and Evil; Justice; Tyranny and Despotism; War and Peace,Core (1952),
Not Started,143,6,13,Shakespeare,The Taming of the Shrew,Focus: framing; power/consent questions; performance of gender roles (Read whole; then re-read these anchors),Desire; Emotion; Fate; Good and Evil; Justice; Love; Tyranny and Despotism; War and Peace,"RSC Shakespeare Learning Zone — The Taming of the Shrew; watch plot, characters, and key scenes before reading.","Watch a staged production through RSC Watch Online, Globe Player, Digital Theatre, or another reputable production source: The Taming of the Shrew.","Crash Course Literature/Theater — use the genre context: tragedy, comedy, history play, rhetoric, or political theatre.",Watch for Desire; Emotion; Fate; Good and Evil: Shakespeare makes public order and private speech collide inside the same human voice.,RSC_LEARN; RSC_STREAM; GLOBE_PLAYER; CRASH_LIT; CRASH_THEATER,Royal Shakespeare Company — Shakespeare Learning Zone; Royal Shakespeare Company — Watch Online; Shakespeare's Globe Player; Crash Course Literature; Crash Course Theater and Drama,https://www.rsc.org.uk/shakespeare-learning-zone; https://www.rsc.org.uk/watch-online; https://player.shakespearesglobe.com/; https://thecrashcourse.com/topic/literature/; https://thecrashcourse.com/topic/theaterdrama/,Desire; Emotion; Fate; Good and Evil; Justice; Love; Tyranny and Despotism; War and Peace,Core (1952),
Not Started,144,6,14,Shakespeare,As You Like It,Focus: exile & freedom; Arden philosophy; Jaques; resolution (Read whole; then re-read these anchors),Desire; Emotion; Fate; Good and Evil; Justice; Love; Tyranny and Despotism; War and Peace,"RSC Shakespeare Learning Zone — As You Like It; watch plot, characters, and key scenes before reading.","Watch a staged production through RSC Watch Online, Globe Player, Digital Theatre, or another reputable production source: As You Like It.","Crash Course Literature/Theater — use the genre context: tragedy, comedy, history play, rhetoric, or political theatre.",Watch for Desire; Emotion; Fate; Good and Evil: Shakespeare makes public order and private speech collide inside the same human voice.,RSC_LEARN; RSC_STREAM; GLOBE_PLAYER; CRASH_LIT; CRASH_THEATER,Royal Shakespeare Company — Shakespeare Learning Zone; Royal Shakespeare Company — Watch Online; Shakespeare's Globe Player; Crash Course Literature; Crash Course Theater and Drama,https://www.rsc.org.uk/shakespeare-learning-zone; https://www.rsc.org.uk/watch-online; https://player.shakespearesglobe.com/; https://thecrashcourse.com/topic/literature/; https://thecrashcourse.com/topic/theaterdrama/,Desire; Emotion; Fate; Good and Evil; Justice; Love; Tyranny and Despotism; War and Peace,Core (1952),
Not Started,145,6,15,Shakespeare,Twelfth Night,Focus: identity & desire; Malvolio subplot; endings & recognition (Read whole; then re-read these anchors),Desire; Love; Emotion; Fate; Good and Evil; Justice; Tyranny and Despotism; War and Peace,"RSC Shakespeare Learning Zone — Twelfth Night; watch plot, characters, and key scenes before reading.","Watch a staged production through RSC Watch Online, Globe Player, Digital Theatre, or another reputable production source: Twelfth Night.","Crash Course Literature/Theater — use the genre context: tragedy, comedy, history play, rhetoric, or political theatre.",Watch for Desire; Love; Emotion; Fate: Shakespeare makes public order and private speech collide inside the same human voice.,RSC_LEARN; RSC_STREAM; GLOBE_PLAYER; CRASH_LIT; CRASH_THEATER,Royal Shakespeare Company — Shakespeare Learning Zone; Royal Shakespeare Company — Watch Online; Shakespeare's Globe Player; Crash Course Literature; Crash Course Theater and Drama,https://www.rsc.org.uk/shakespeare-learning-zone; https://www.rsc.org.uk/watch-online; https://player.shakespearesglobe.com/; https://thecrashcourse.com/topic/literature/; https://thecrashcourse.com/topic/theaterdrama/,Desire; Love; Emotion; Fate; Good and Evil; Justice; Tyranny and Despotism; War and Peace,Core (1952),
Not Started,146,6,16,Spinoza,Ethics,Part I,God; Art; Metaphysics; Nature; Reasoning; Truth; Virtue and Vice; Will,"Bryan Magee — watch the matching philosopher/tradition episode first, or OYC Theory for the interpretive frame.",Gregory B. Sadler — use/search: “Spinoza Ethics lecture”,"Return to Magee/OYC Theory; locate the break: certainty, substance, freedom, history, language, being, or value.",Watch for God; Art; Metaphysics; Nature: modern philosophy often begins when inherited certainty becomes a problem rather than a possession.,MIT_STS; MAGEE; SADLER; OYC_THEORY; BBC_STORY_SCI,"MIT OCW STS.002 — Toward the Scientific Revolution; Bryan Magee — Great Philosophers / Men of Ideas interviews; Gregory B. Sadler — philosophy text lectures and core concepts; Open Yale ENGL 300 — Introduction to Theory of Literature; BBC — The Story of Science: Power, Proof and Passion",https://ocw.mit.edu/courses/sts-002-toward-the-scientific-revolution-fall-2003/; https://www.openculture.com/2012/05/bryan_magees_in-depth_uncut_tv_conversations_with_famous_philosophers_1978-87.html; https://www.youtube.com/@GregoryBSadler; https://oyc.yale.edu/english/engl-300; https://www.bbc.co.uk/programmes/b00s8gcf,God; Metaphysics; Nature; Reasoning; Truth; Virtue and Vice; Will; Art,Core (1952),
Not Started,147,6,17,Milton,Samson Agonistes,Focus: opening (question/terms); one central argument or turning point; a representative example/scene; closing resolution (Read whole; then re-read these anchors),Government; Law; Liberty; God; Religion; Sin; Poetry; Truth,OYC Milton — introductory lecture; then Rick Steves Luther for Reformation context.,Open Yale Milton — use/search: “Samson Agonistes lecture”,"BBC Civilisation — Reformation/English liberty context; ask how epic, conscience, and political freedom meet.","Watch for Government; Law; Liberty; God: Milton turns theology into a test of language, liberty, obedience, and imagination.",OYC_MILTON; RICK_STEVES_LUTHER; BBC_CIVILISATION,Open Yale ENGL 220 — Milton; Rick Steves — Luther and the Reformation; Kenneth Clark — Civilisation,https://oyc.yale.edu/english/engl-220; https://www.ricksteves.com/watch-read-listen/video/tv-show/tv-specials/luther; https://www.bbcselect.com/watch/civilisation/,Religion; Sin; Government; Law; Liberty; Poetry; Truth; God,Core (1952),
Not Started,148,6,18,Pascal,The Provincial Letters,Focus: opening (question/terms); one central argument or turning point; a representative example/scene; closing resolution (Read whole; then re-read these anchors),God; Chance; Infinity; Religion; Reasoning; Theology; Truth; Will,Rick Steves Luther and BBC Civilisation — Reformation/Counter-Reformation world before Pascal’s religious psychology.,Lecture cue — use/search: “Pascal The Provincial Letters lecture Pensées”,"Bryan Magee or philosophy lecture on faith/reason; compare geometry, heart, misery, greatness, and wager.",Watch for God; Chance; Infinity; Religion: Pascal makes reason powerful enough to discover its own limit.,RICK_STEVES_LUTHER; BBC_CIVILISATION; SADLER; MAGEE,Rick Steves — Luther and the Reformation; Kenneth Clark — Civilisation; Gregory B. Sadler — philosophy text lectures and core concepts; Bryan Magee — Great Philosophers / Men of Ideas interviews,https://www.ricksteves.com/watch-read-listen/video/tv-show/tv-specials/luther; https://www.bbcselect.com/watch/civilisation/; https://www.youtube.com/@GregoryBSadler; https://www.openculture.com/2012/05/bryan_magees_in-depth_uncut_tv_conversations_with_famous_philosophers_1978-87.html,God; Religion; Chance; Infinity; Reasoning; Theology; Truth; Will,Core (1952),
Not Started,149,6,19,Locke,An Essay Concerning Human Understanding,Book IV,Constitution; Experience; Government; Justice; Knowledge; Law; Liberty; Reasoning,OYC Political Philosophy — watch the matching author lectures; use Crash Course European History for state/revolution context.,Open Yale / lecture cue — use/search: “Locke An Essay Concerning Human Understanding political philosophy lecture”,"Harvard Justice — connect sovereignty, consent, rights, equality, and democracy to live moral-political arguments.","Watch for Constitution; Experience; Government; Justice: modern politics asks what authority remains when custom, throne, church, and nature lose automatic command.",OYC_POLPHIL; OYC_SOCIAL; HARVARD_JUSTICE; CRASH_EURO,Open Yale PLSC 114 — Introduction to Political Philosophy; Open Yale SOCY 151 — Foundations of Modern Social Theory; Harvard Justice — Michael Sandel course videos; Crash Course European History,https://oyc.yale.edu/political-science/plsc-114; https://oyc.yale.edu/sociology/socy-151; https://justiceharvard.org/; https://www.youtube.com/playlist?list=PL8dPuuaLjXtMsMTfmRomkVQG8AqrAmJFX,Constitution; Experience; Government; Justice; Knowledge; Law; Liberty; Reasoning,Core (1952),
Not Started,150,6,20,Gibbon,The Decline and Fall of the Roman Empire,Ch. 1-5; General Observations...,Cause; Government; History; Religion; Revolution; State; War and Peace,Crash Course World History — Roman Republic/Roman Empire context; then OYC Roman Architecture for empire as a visible political order.,Lecture/documentary cue — use/search: “Gibbon The Decline and Fall of the Roman Empire Rome virtue empire decline”,BBC Civilisation or OYC European Civilization — use the fall/legacy of Rome as the bridge to Christianity and modern Europe.,"Watch for Cause; Government; History; Religion: Rome turns character into public consequence: virtue, ambition, empire, decay, and institutional memory.",CRASH_WORLD; OYC_ROMANARCH; OYC_EUROCIV; BBC_CIVILISATION,"Crash Course World History; Open Yale HSAR 252 — Roman Architecture; Open Yale HIST 202 — European Civilization, 1648–1945; Kenneth Clark — Civilisation",https://www.youtube.com/playlist?list=PLBDA2E52FB1EF80C9; https://oyc.yale.edu/history-of-art/hsar-252; https://oyc.yale.edu/history/hist-202; https://www.bbcselect.com/watch/civilisation/,Cause; Government; History; Religion; Revolution; State; War and Peace,Core (1952),
Not Started,151,6,21,Kant,Critique of Pure Reason,Transcendental Dialectic,Knowledge; Experience; Judgment; Duty; Reasoning; Metaphysics; Mind; Truth,"Bryan Magee — watch the matching philosopher/tradition episode first, or OYC Theory for the interpretive frame.",Gregory B. Sadler — use/search: “Kant Critique of Pure Reason lecture”,"Return to Magee/OYC Theory; locate the break: certainty, substance, freedom, history, language, being, or value.",Watch for Knowledge; Experience; Judgment; Duty: modern philosophy often begins when inherited certainty becomes a problem rather than a possession.,OYC_POLPHIL; MAGEE; SADLER; OYC_THEORY; HARVARD_JUSTICE,Open Yale PLSC 114 — Introduction to Political Philosophy; Bryan Magee — Great Philosophers / Men of Ideas interviews; Gregory B. Sadler — philosophy text lectures and core concepts; Open Yale ENGL 300 — Introduction to Theory of Literature; Harvard Justice — Michael Sandel course videos,https://oyc.yale.edu/political-science/plsc-114; https://www.openculture.com/2012/05/bryan_magees_in-depth_uncut_tv_conversations_with_famous_philosophers_1978-87.html; https://www.youtube.com/@GregoryBSadler; https://oyc.yale.edu/english/engl-300; https://justiceharvard.org/,Knowledge; Reasoning; Experience; Judgment; Metaphysics; Mind; Truth; Duty,Core (1952),
Not Started,152,6,22,Hegel,Philosophy of History,Introduction,Government; History; Knowledge; Philosophy; Truth; War and Peace,"Bryan Magee — watch the matching philosopher/tradition episode first, or OYC Theory for the interpretive frame.",Gregory B. Sadler — use/search: “Hegel Philosophy of History lecture”,"Return to Magee/OYC Theory; locate the break: certainty, substance, freedom, history, language, being, or value.",Watch for Government; History; Knowledge; Philosophy: modern philosophy often begins when inherited certainty becomes a problem rather than a possession.,OYC_POLPHIL; MAGEE; SADLER; OYC_THEORY; HARVARD_JUSTICE,Open Yale PLSC 114 — Introduction to Political Philosophy; Bryan Magee — Great Philosophers / Men of Ideas interviews; Gregory B. Sadler — philosophy text lectures and core concepts; Open Yale ENGL 300 — Introduction to Theory of Literature; Harvard Justice — Michael Sandel course videos,https://oyc.yale.edu/political-science/plsc-114; https://www.openculture.com/2012/05/bryan_magees_in-depth_uncut_tv_conversations_with_famous_philosophers_1978-87.html; https://www.youtube.com/@GregoryBSadler; https://oyc.yale.edu/english/engl-300; https://justiceharvard.org/,Government; History; Knowledge; Philosophy; Truth; War and Peace,Core (1952),
Not Started,153,6,23,Tolstoy,War and Peace,Book IX-XV; Epilogues,Courage; Honor; War and Peace; Truth,Crash Course Literature — use the author/work video when available; otherwise use the genre/period video.,Lecture cue — use/search: “Tolstoy War and Peace lecture”,"Open Yale Theory of Literature or European Civilization — connect form, society, class, consciousness, and modernity.","Watch for Courage; Honor; War and Peace; Truth: the modern novel often makes consciousness, society, and narration itself part of the argument.",CRASH_LIT; OYC_THEORY; OYC_EUROCIV,"Crash Course Literature; Open Yale ENGL 300 — Introduction to Theory of Literature; Open Yale HIST 202 — European Civilization, 1648–1945",https://thecrashcourse.com/topic/literature/; https://oyc.yale.edu/english/engl-300; https://oyc.yale.edu/history/hist-202,Courage; Honor; War and Peace; Truth,Core (1952),
Not Started,154,6,24,Kierkegaard,Fear and Trembling,Focus: Abraham/Isaac; faith vs ethics; knight of faith; paradox (Read whole; then re-read these anchors),Duty; God; Love; Truth; Will,"Bryan Magee — watch the matching philosopher/tradition episode first, or OYC Theory for the interpretive frame.",Gregory B. Sadler — use/search: “Kierkegaard Fear and Trembling lecture”,"Return to Magee/OYC Theory; locate the break: certainty, substance, freedom, history, language, being, or value.",Watch for Duty; God; Love; Truth: modern philosophy often begins when inherited certainty becomes a problem rather than a possession.,MAGEE; SADLER; OYC_THEORY,Bryan Magee — Great Philosophers / Men of Ideas interviews; Gregory B. Sadler — philosophy text lectures and core concepts; Open Yale ENGL 300 — Introduction to Theory of Literature,https://www.openculture.com/2012/05/bryan_magees_in-depth_uncut_tv_conversations_with_famous_philosophers_1978-87.html; https://www.youtube.com/@GregoryBSadler; https://oyc.yale.edu/english/engl-300,Duty; God; Love; Truth; Will,Expansion (1990),
Not Started,155,6,25,Huizinga,The Waning of the Middle Ages,I-X,Art; Custom and Convention; History; Religion; World,BBC Civilisation — late medieval/Renaissance episodes; then PBS Medici for the humanist and artistic transition.,Lecture/documentary cue — use/search: “Huizinga The Waning of the Middle Ages lecture late Middle Ages”,Rick Steves Luther and Crash Course European History — connect medieval forms to Reformation and modernity.,Watch for Art; Custom and Convention; History; Religion: Huizinga helps you feel the symbolic world out of which Renaissance and Reformation emerge.,BBC_CIVILISATION; PBS_MEDICI; RICK_STEVES_LUTHER; CRASH_EURO,Kenneth Clark — Civilisation; PBS Empires — Medici: Godfathers of the Renaissance; Rick Steves — Luther and the Reformation; Crash Course European History,https://www.bbcselect.com/watch/civilisation/; https://www.pbs.org/empires/medici/; https://www.ricksteves.com/watch-read-listen/video/tv-show/tv-specials/luther; https://www.youtube.com/playlist?list=PL8dPuuaLjXtMsMTfmRomkVQG8AqrAmJFX,Art; Custom and Convention; History; Religion; World,Expansion (1990),
Not Started,156,6,26,Shaw,Saint Joan,Focus: trial scenes; voices/conscience; politics of sainthood; epilogue (Read whole; then re-read these anchors),Hypothesis; Induction; Science; Physics,"Crash Course Theater and Drama — watch the period/genre episode: neoclassicism, realism, modern drama, epic theatre, or absurdism.",Stage production cue — use/search: “Shaw Saint Joan full play performance or reputable stage excerpts”,Watch a production/interview on National Theatre at Home or Digital Theatre if available; compare text to performed timing.,"Watch for Hypothesis; Induction; Science; Physics: drama lets ideas happen between bodies, pauses, entrances, exits, costumes, and public judgment.",CRASH_THEATER; NT_AT_HOME; DIGITAL_THEATRE,Crash Course Theater and Drama; National Theatre at Home; Digital Theatre,https://thecrashcourse.com/topic/theaterdrama/; https://www.ntathome.com/; https://www.digitaltheatre.com/,Science; Hypothesis; Induction; Physics,Expansion (1990),
Not Started,157,6,27,Racine,Bérénice,Focus: Acts I-II (conflict stated); Act IV (decision); Act V (resolution),Government; Law; State; Truth,"Crash Course Theater and Drama — watch the period/genre episode: neoclassicism, realism, modern drama, epic theatre, or absurdism.",Stage production cue — use/search: “Racine Bérénice full play performance or reputable stage excerpts”,Watch a production/interview on National Theatre at Home or Digital Theatre if available; compare text to performed timing.,"Watch for Government; Law; State; Truth: drama lets ideas happen between bodies, pauses, entrances, exits, costumes, and public judgment.",CRASH_THEATER; NT_AT_HOME; DIGITAL_THEATRE,Crash Course Theater and Drama; National Theatre at Home; Digital Theatre,https://thecrashcourse.com/topic/theaterdrama/; https://www.ntathome.com/; https://www.digitaltheatre.com/,Government; Law; State; Truth,Expansion (1990),French classical tragedy near Pascal/Milton era
Not Started,158,6,28,Racine,Phèdre,Focus: Acts I-II (desire/confession); Act III (crisis); Act V (catastrophe),Desire; Love; Pleasure and Pain; Truth,"Crash Course Theater and Drama — watch the period/genre episode: neoclassicism, realism, modern drama, epic theatre, or absurdism.",Stage production cue — use/search: “Racine Phèdre full play performance or reputable stage excerpts”,Watch a production/interview on National Theatre at Home or Digital Theatre if available; compare text to performed timing.,"Watch for Desire; Love; Pleasure and Pain; Truth: drama lets ideas happen between bodies, pauses, entrances, exits, costumes, and public judgment.",CRASH_THEATER; NT_AT_HOME; DIGITAL_THEATRE,Crash Course Theater and Drama; National Theatre at Home; Digital Theatre,https://thecrashcourse.com/topic/theaterdrama/; https://www.ntathome.com/; https://www.digitaltheatre.com/,Desire; Love; Pleasure and Pain; Truth,Expansion (1990),French classical tragedy near Pascal/Milton era
Not Started,159,7,1,Old Testament,Job,Focus: speeches cycles; theodicy tension; God's whirlwind; restoration debate (Read whole; then re-read these anchors),God; Fate; Justice; Law; Life and Death; Love; Religion; Theology,BibleProject — overview video for Job; then OYC Old Testament opening/context lecture.,Open Yale RLST 145 — use/search: “Job Hebrew Bible lecture”,PBS Battle for the Bible — use the later translation conflict to see how ancient text becomes civilizational authority.,"Watch for God; Fate; Justice; Law: Israel’s texts turn creation, law, covenant, prophecy, exile, and justice into a historical drama.",BIBLEPROJECT; OYC_OT; PBS_BATTLE_BIBLE,BibleProject — Bible book overview videos; Open Yale RLST 145 — Introduction to the Old Testament / Hebrew Bible; PBS Secrets of the Dead — Battle for the Bible,https://bibleproject.com/videos/collections/; https://oyc.yale.edu/religious-studies/rlst-145; https://www.pbs.org/wnet/secrets/battle-for-the-bible-about-the-episode/7154/,God; Religion; Theology; Fate; Justice; Law; Life and Death; Love,Core (1952),
Not Started,160,7,2,Old Testament,Isaiah,Focus: justice critique; servant songs; hope/vision sections (Read whole; then re-read these anchors),Justice; Law; Fate; God; Life and Death; Love; Prophecy; Religion,BibleProject — overview video for Isaiah; then OYC Old Testament opening/context lecture.,Open Yale RLST 145 — use/search: “Isaiah Hebrew Bible lecture”,PBS Battle for the Bible — use the later translation conflict to see how ancient text becomes civilizational authority.,"Watch for Justice; Law; Fate; God: Israel’s texts turn creation, law, covenant, prophecy, exile, and justice into a historical drama.",BIBLEPROJECT; OYC_OT; PBS_BATTLE_BIBLE,BibleProject — Bible book overview videos; Open Yale RLST 145 — Introduction to the Old Testament / Hebrew Bible; PBS Secrets of the Dead — Battle for the Bible,https://bibleproject.com/videos/collections/; https://oyc.yale.edu/religious-studies/rlst-145; https://www.pbs.org/wnet/secrets/battle-for-the-bible-about-the-episode/7154/,Justice; Law; Fate; God; Life and Death; Love; Prophecy; Religion,Core (1952),
Not Started,161,7,3,Old Testament,Amos,Focus: social justice oracles; religious hypocrisy critique (Read whole; then re-read these anchors),Justice; Law; Fate; God; Life and Death; Love; Prophecy; Religion,BibleProject — overview video for Amos; then OYC Old Testament opening/context lecture.,Open Yale RLST 145 — use/search: “Amos Hebrew Bible lecture”,PBS Battle for the Bible — use the later translation conflict to see how ancient text becomes civilizational authority.,"Watch for Justice; Law; Fate; God: Israel’s texts turn creation, law, covenant, prophecy, exile, and justice into a historical drama.",BIBLEPROJECT; OYC_OT; PBS_BATTLE_BIBLE,BibleProject — Bible book overview videos; Open Yale RLST 145 — Introduction to the Old Testament / Hebrew Bible; PBS Secrets of the Dead — Battle for the Bible,https://bibleproject.com/videos/collections/; https://oyc.yale.edu/religious-studies/rlst-145; https://www.pbs.org/wnet/secrets/battle-for-the-bible-about-the-episode/7154/,Justice; Law; Fate; God; Life and Death; Love; Prophecy; Religion,Core (1952),
Not Started,162,7,4,Plato,Symposium,Focus: ladder of love (Diotima); eros speeches; Alcibiades on Socrates (Read whole; then re-read these anchors),Beauty; Desire; Love; Form; Good and Evil; Dialectic; Education; Soul,"OYC PLSC 114 — watch the opening lectures on Socrates, polis, justice, and philosophy as public danger.",Gregory B. Sadler — use/search: “Plato Symposium text lecture core concepts”,Bryan Magee — Plato episode; then write the question Plato leaves harder than he found it.,Watch for Beauty; Desire; Love; Form: Plato rarely hands you a doctrine first; he stages a soul learning how to ask.,OYC_POLPHIL; SADLER; MAGEE,Open Yale PLSC 114 — Introduction to Political Philosophy; Gregory B. Sadler — philosophy text lectures and core concepts; Bryan Magee — Great Philosophers / Men of Ideas interviews,https://oyc.yale.edu/political-science/plsc-114; https://www.youtube.com/@GregoryBSadler; https://www.openculture.com/2012/05/bryan_magees_in-depth_uncut_tv_conversations_with_famous_philosophers_1978-87.html,Beauty; Desire; Love; Form; Good and Evil; Soul; Dialectic; Education,Core (1952),
Not Started,163,7,5,Plato,Philebus,Focus: pleasure vs intellect; measure; the good life composition (Read whole; then re-read these anchors),Dialectic; Education; Good and Evil; Government; Justice; Knowledge; Law; Love,"OYC PLSC 114 — watch the opening lectures on Socrates, polis, justice, and philosophy as public danger.",Gregory B. Sadler — use/search: “Plato Philebus text lecture core concepts”,Bryan Magee — Plato episode; then write the question Plato leaves harder than he found it.,Watch for Dialectic; Education; Good and Evil; Government: Plato rarely hands you a doctrine first; he stages a soul learning how to ask.,OYC_POLPHIL; SADLER; MAGEE,Open Yale PLSC 114 — Introduction to Political Philosophy; Gregory B. Sadler — philosophy text lectures and core concepts; Bryan Magee — Great Philosophers / Men of Ideas interviews,https://oyc.yale.edu/political-science/plsc-114; https://www.youtube.com/@GregoryBSadler; https://www.openculture.com/2012/05/bryan_magees_in-depth_uncut_tv_conversations_with_famous_philosophers_1978-87.html,Dialectic; Education; Good and Evil; Government; Justice; Knowledge; Law; Love,Core (1952),
Not Started,164,7,6,Aristotle,Nicomachean Ethics,Book VIII-X,Duty; Happiness; Justice; Pleasure and Pain; Prudence; Reasoning; Temperance; Virtue and Vice,OYC PLSC 114 — Aristotle/polis lectures; then Harvard Justice for the modern moral-political pressure points.,Gregory B. Sadler — use/search: “Aristotle Nicomachean Ethics text lecture”,Bryan Magee — Aristotle episode; compare Aristotle’s teleology with modern rights and utility.,Watch for Duty; Happiness; Justice; Pleasure and Pain: Aristotle begins from practices and asks what form of life lets a thing become itself.,OYC_POLPHIL; HARVARD_JUSTICE; SADLER; MAGEE,Open Yale PLSC 114 — Introduction to Political Philosophy; Harvard Justice — Michael Sandel course videos; Gregory B. Sadler — philosophy text lectures and core concepts; Bryan Magee — Great Philosophers / Men of Ideas interviews,https://oyc.yale.edu/political-science/plsc-114; https://justiceharvard.org/; https://www.youtube.com/@GregoryBSadler; https://www.openculture.com/2012/05/bryan_magees_in-depth_uncut_tv_conversations_with_famous_philosophers_1978-87.html,Duty; Happiness; Justice; Pleasure and Pain; Prudence; Reasoning; Temperance; Virtue and Vice,Core (1952),
Not Started,165,7,7,Archimedes,Measurement of a Circle,Focus: method; approximation; rigor vs intuition (Read whole; then re-read these anchors),Knowledge; Justice; Truth; Reasoning,BBC Story of Maths — relevant ancient/geometry episode; then 3Blue1Brown or Numberphile for visual intuition.,Math lecture cue — use/search: “Archimedes Measurement of a Circle explanation”,"MIT STS.002 — connect proof and mathematical form to astronomy, mechanics, and natural philosophy.",Watch for Knowledge; Justice; Truth; Reasoning: mathematics gives the conversation a different kind of necessity: demonstration rather than persuasion.,STORY_MATHS; THREEB1B; NUMBERPHILE; MIT_STS,BBC — The Story of Maths; 3Blue1Brown; Numberphile; MIT OCW STS.002 — Toward the Scientific Revolution,https://www.bbc.co.uk/programmes/b00dxjls; https://www.3blue1brown.com/; https://www.numberphile.com/; https://ocw.mit.edu/courses/sts-002-toward-the-scientific-revolution-fall-2003/,Truth; Knowledge; Reasoning; Justice,Core (1952),
Not Started,166,7,8,Archimedes,The Equilibrium of Planes,Book I,Knowledge; Justice; Truth; Reasoning,BBC Story of Maths — relevant ancient/geometry episode; then 3Blue1Brown or Numberphile for visual intuition.,Math lecture cue — use/search: “Archimedes The Equilibrium of Planes explanation”,"MIT STS.002 — connect proof and mathematical form to astronomy, mechanics, and natural philosophy.",Watch for Knowledge; Justice; Truth; Reasoning: mathematics gives the conversation a different kind of necessity: demonstration rather than persuasion.,STORY_MATHS; THREEB1B; NUMBERPHILE; MIT_STS,BBC — The Story of Maths; 3Blue1Brown; Numberphile; MIT OCW STS.002 — Toward the Scientific Revolution,https://www.bbc.co.uk/programmes/b00dxjls; https://www.3blue1brown.com/; https://www.numberphile.com/; https://ocw.mit.edu/courses/sts-002-toward-the-scientific-revolution-fall-2003/,Truth; Knowledge; Reasoning; Justice,Core (1952),
Not Started,167,7,9,Archimedes,The Sand-Reckoner,Focus: scaling numbers; scientific imagination; cosmos sizing (Read whole; then re-read these anchors),Art; Memory and Imagination; Mind; Truth,BBC Story of Maths — relevant ancient/geometry episode; then 3Blue1Brown or Numberphile for visual intuition.,Math lecture cue — use/search: “Archimedes The Sand-Reckoner explanation”,"MIT STS.002 — connect proof and mathematical form to astronomy, mechanics, and natural philosophy.",Watch for Art; Memory and Imagination; Mind; Truth: mathematics gives the conversation a different kind of necessity: demonstration rather than persuasion.,STORY_MATHS; THREEB1B; NUMBERPHILE; MIT_STS,BBC — The Story of Maths; 3Blue1Brown; Numberphile; MIT OCW STS.002 — Toward the Scientific Revolution,https://www.bbc.co.uk/programmes/b00dxjls; https://www.3blue1brown.com/; https://www.numberphile.com/; https://ocw.mit.edu/courses/sts-002-toward-the-scientific-revolution-fall-2003/,Art; Memory and Imagination; Mind; Truth,Core (1952),
Not Started,168,7,10,Archimedes,On Floating Bodies,Book I,Knowledge; Justice; Truth; Reasoning,BBC Story of Maths — relevant ancient/geometry episode; then 3Blue1Brown or Numberphile for visual intuition.,Math lecture cue — use/search: “Archimedes On Floating Bodies explanation”,"MIT STS.002 — connect proof and mathematical form to astronomy, mechanics, and natural philosophy.",Watch for Knowledge; Justice; Truth; Reasoning: mathematics gives the conversation a different kind of necessity: demonstration rather than persuasion.,STORY_MATHS; THREEB1B; NUMBERPHILE; MIT_STS,BBC — The Story of Maths; 3Blue1Brown; Numberphile; MIT OCW STS.002 — Toward the Scientific Revolution,https://www.bbc.co.uk/programmes/b00dxjls; https://www.3blue1brown.com/; https://www.numberphile.com/; https://ocw.mit.edu/courses/sts-002-toward-the-scientific-revolution-fall-2003/,Truth; Knowledge; Reasoning; Justice,Core (1952),
Not Started,169,7,11,Epictetus,Discourses,Focus: opening (question/terms); one central argument or turning point; a representative example/scene; closing resolution (Read whole; then re-read these anchors),God; Religion; Sin; Truth,"Watch a Stoicism overview from Gregory B. Sadler; then use OYC Political Philosophy for virtue, law, and citizenship background.",Gregory B. Sadler — use/search: “Epictetus Discourses Stoicism lecture”,"Use Bryan Magee or another ancient-philosophy overview to compare Stoic freedom with Plato, Aristotle, and Christianity.",Watch for God; Religion; Sin; Truth: Stoicism relocates freedom into judgment when outer circumstances cannot be ruled.,SADLER; MAGEE; OYC_POLPHIL,Gregory B. Sadler — philosophy text lectures and core concepts; Bryan Magee — Great Philosophers / Men of Ideas interviews; Open Yale PLSC 114 — Introduction to Political Philosophy,https://www.youtube.com/@GregoryBSadler; https://www.openculture.com/2012/05/bryan_magees_in-depth_uncut_tv_conversations_with_famous_philosophers_1978-87.html; https://oyc.yale.edu/political-science/plsc-114,God; Religion; Sin; Truth,Core (1952),
Not Started,170,7,12,Plotinus,First Ennead,Focus: opening (question/terms); one central argument or turning point; a representative example/scene; closing resolution (Read whole; then re-read these anchors),God; Religion; Sin; Truth,Bryan Magee / ancient philosophy overview; then BBC Civilisation for late antique and medieval spiritual imagination.,Gregory B. Sadler — use/search: “Plotinus First Ennead lecture Neoplatonism”,OYC Dante in Translation — use Dante’s cosmos to see Neoplatonic ascent entering medieval poetry.,"Watch for God; Religion; Sin; Truth: Plotinus turns Plato upward: soul, intellect, beauty, and the One become a ladder of return.",SADLER; MAGEE; BBC_CIVILISATION; OYC_DANTE,Gregory B. Sadler — philosophy text lectures and core concepts; Bryan Magee — Great Philosophers / Men of Ideas interviews; Kenneth Clark — Civilisation; Open Yale ITAL 310 — Dante in Translation,https://www.youtube.com/@GregoryBSadler; https://www.openculture.com/2012/05/bryan_magees_in-depth_uncut_tv_conversations_with_famous_philosophers_1978-87.html; https://www.bbcselect.com/watch/civilisation/; https://oyc.yale.edu/italian-language-and-literature/ital-310,God; Religion; Sin; Truth,Core (1952),
Not Started,171,7,13,St. Thomas Aquinas,Summa Theologica,"Part I-II, QQ 1-5",God; Justice; Law; Reasoning; Soul; Theology; Truth; Virtue and Vice,BBC Civilisation — medieval world; then Dante in Translation for the theological-cosmic imagination Aquinas inhabits.,Gregory B. Sadler — use/search: “St. Thomas Aquinas Summa Theologica lecture”,"Bryan Magee / medieval philosophy episode; map reason, revelation, law, soul, and being.",Watch for God; Justice; Law; Reasoning: the medieval move is not anti-reason; it is reason asking where its authority comes from.,BBC_CIVILISATION; SADLER; MAGEE; OYC_DANTE,Kenneth Clark — Civilisation; Gregory B. Sadler — philosophy text lectures and core concepts; Bryan Magee — Great Philosophers / Men of Ideas interviews; Open Yale ITAL 310 — Dante in Translation,https://www.bbcselect.com/watch/civilisation/; https://www.youtube.com/@GregoryBSadler; https://www.openculture.com/2012/05/bryan_magees_in-depth_uncut_tv_conversations_with_famous_philosophers_1978-87.html; https://oyc.yale.edu/italian-language-and-literature/ital-310,Reasoning; God; Justice; Law; Soul; Theology; Truth; Virtue and Vice,Core (1952),
Not Started,172,7,14,Dante,The Divine Comedy (Paradise),Focus: opening (question/terms); one central argument or turning point; a representative example/scene; closing resolution (Read whole; then re-read these anchors),God; Beauty; Immortality; Love; Theology; Truth; Religion; Sin,"OYC Dante in Translation — introductory lecture on Dante’s life, exile, politics, love, and cosmic architecture.",Open Yale Dante in Translation — use/search: “The Divine Comedy (Paradise) lecture”,BBC Civilisation / PBS Medici — connect medieval order to Renaissance humanism.,"Watch for God; Beauty; Immortality; Love: Dante makes the soul’s moral condition visible as geography, poetry, memory, and love.",OYC_DANTE; BBC_CIVILISATION; PBS_MEDICI,Open Yale ITAL 310 — Dante in Translation; Kenneth Clark — Civilisation; PBS Empires — Medici: Godfathers of the Renaissance,https://oyc.yale.edu/italian-language-and-literature/ital-310; https://www.bbcselect.com/watch/civilisation/; https://www.pbs.org/empires/medici/,God; Beauty; Immortality; Love; Theology; Truth; Religion; Sin,Core (1952),
Not Started,173,7,15,Rabelais,Gargantua and Pantagruel,Book III-IV,Art; Custom and Convention; Education; Good and Evil; Happiness; Language,"PBS Medici for Renaissance humanism; then BBC Civilisation for print, learning, and reforming Europe.",Lecture/documentary cue — use/search: “Rabelais Gargantua and Pantagruel Renaissance humanism”,"Rick Steves Luther — use Reformation pressure as the background for satire, skepticism, education, and self-examination.",Watch for Art; Custom and Convention; Education; Good and Evil: Renaissance humanism reopens antiquity and discovers the self as a problem.,BBC_CIVILISATION; PBS_MEDICI; RICK_STEVES_LUTHER,Kenneth Clark — Civilisation; PBS Empires — Medici: Godfathers of the Renaissance; Rick Steves — Luther and the Reformation,https://www.bbcselect.com/watch/civilisation/; https://www.pbs.org/empires/medici/; https://www.ricksteves.com/watch-read-listen/video/tv-show/tv-specials/luther,Art; Custom and Convention; Education; Good and Evil; Happiness; Language,Core (1952),
Not Started,174,7,16,Shakespeare,Julius Caesar,Focus: opening (question/terms); one central argument or turning point; a representative example/scene; closing resolution (Read whole; then re-read these anchors),Desire; Emotion; Fate; Good and Evil; Justice; Love; Tyranny and Despotism; War and Peace,"RSC Shakespeare Learning Zone — Julius Caesar; watch plot, characters, and key scenes before reading.","Watch a staged production through RSC Watch Online, Globe Player, Digital Theatre, or another reputable production source: Julius Caesar.","Crash Course Literature/Theater — use the genre context: tragedy, comedy, history play, rhetoric, or political theatre.",Watch for Desire; Emotion; Fate; Good and Evil: Shakespeare makes public order and private speech collide inside the same human voice.,RSC_LEARN; RSC_STREAM; GLOBE_PLAYER; CRASH_LIT; CRASH_THEATER,Royal Shakespeare Company — Shakespeare Learning Zone; Royal Shakespeare Company — Watch Online; Shakespeare's Globe Player; Crash Course Literature; Crash Course Theater and Drama,https://www.rsc.org.uk/shakespeare-learning-zone; https://www.rsc.org.uk/watch-online; https://player.shakespearesglobe.com/; https://thecrashcourse.com/topic/literature/; https://thecrashcourse.com/topic/theaterdrama/,Desire; Emotion; Fate; Good and Evil; Justice; Love; Tyranny and Despotism; War and Peace,Core (1952),
Not Started,175,7,17,Shakespeare,Antony and Cleopatra,Focus: opening (question/terms); one central argument or turning point; a representative example/scene; closing resolution (Read whole; then re-read these anchors),Desire; Emotion; Fate; Good and Evil; Justice; Love; Tyranny and Despotism; War and Peace,"RSC Shakespeare Learning Zone — Antony and Cleopatra; watch plot, characters, and key scenes before reading.","Watch a staged production through RSC Watch Online, Globe Player, Digital Theatre, or another reputable production source: Antony and Cleopatra.","Crash Course Literature/Theater — use the genre context: tragedy, comedy, history play, rhetoric, or political theatre.",Watch for Desire; Emotion; Fate; Good and Evil: Shakespeare makes public order and private speech collide inside the same human voice.,RSC_LEARN; RSC_STREAM; GLOBE_PLAYER; CRASH_LIT; CRASH_THEATER,Royal Shakespeare Company — Shakespeare Learning Zone; Royal Shakespeare Company — Watch Online; Shakespeare's Globe Player; Crash Course Literature; Crash Course Theater and Drama,https://www.rsc.org.uk/shakespeare-learning-zone; https://www.rsc.org.uk/watch-online; https://player.shakespearesglobe.com/; https://thecrashcourse.com/topic/literature/; https://thecrashcourse.com/topic/theaterdrama/,Desire; Emotion; Fate; Good and Evil; Justice; Love; Tyranny and Despotism; War and Peace,Core (1952),
Not Started,176,7,18,Shakespeare,Coriolanus,Focus: opening (question/terms); one central argument or turning point; a representative example/scene; closing resolution (Read whole; then re-read these anchors),Desire; Emotion; Fate; Good and Evil; Justice; Love; Tyranny and Despotism; War and Peace,"RSC Shakespeare Learning Zone — Coriolanus; watch plot, characters, and key scenes before reading.","Watch a staged production through RSC Watch Online, Globe Player, Digital Theatre, or another reputable production source: Coriolanus.","Crash Course Literature/Theater — use the genre context: tragedy, comedy, history play, rhetoric, or political theatre.",Watch for Desire; Emotion; Fate; Good and Evil: Shakespeare makes public order and private speech collide inside the same human voice.,RSC_LEARN; RSC_STREAM; GLOBE_PLAYER; CRASH_LIT; CRASH_THEATER,Royal Shakespeare Company — Shakespeare Learning Zone; Royal Shakespeare Company — Watch Online; Shakespeare's Globe Player; Crash Course Literature; Crash Course Theater and Drama,https://www.rsc.org.uk/shakespeare-learning-zone; https://www.rsc.org.uk/watch-online; https://player.shakespearesglobe.com/; https://thecrashcourse.com/topic/literature/; https://thecrashcourse.com/topic/theaterdrama/,Desire; Emotion; Fate; Good and Evil; Justice; Love; Tyranny and Despotism; War and Peace,Core (1952),
Not Started,177,7,19,Galileo,Two New Sciences,First Day,Hypothesis; Cause; Induction; Science; Physics; Mathematics; Mechanics,MIT STS.002 — scientific revolution / natural philosophy context; then BBC Story of Science for the long arc of method and proof.,Lecture cue — use/search: “Galileo Two New Sciences science history lecture”,"Use OYC Astrophysics, MIT Mechanics, or NOVA as appropriate to see the modern consequence of the model.","Watch for Hypothesis; Cause; Induction; Science: science here changes what counts as explanation: model, measurement, experiment, law, and reality.",MIT_STS; BBC_STORY_SCI; OYC_ASTRO,"MIT OCW STS.002 — Toward the Scientific Revolution; BBC — The Story of Science: Power, Proof and Passion; Open Yale ASTR 160 — Frontiers and Controversies in Astrophysics",https://ocw.mit.edu/courses/sts-002-toward-the-scientific-revolution-fall-2003/; https://www.bbc.co.uk/programmes/b00s8gcf; https://oyc.yale.edu/astronomy/astr-160,Science; Hypothesis; Physics; Cause; Mathematics; Mechanics; Induction,Core (1952),
Not Started,178,7,20,Spinoza,Ethics,Part IV-V,God; Art; Metaphysics; Nature; Reasoning; Truth; Virtue and Vice; Will,"Bryan Magee — watch the matching philosopher/tradition episode first, or OYC Theory for the interpretive frame.",Gregory B. Sadler — use/search: “Spinoza Ethics lecture”,"Return to Magee/OYC Theory; locate the break: certainty, substance, freedom, history, language, being, or value.",Watch for God; Art; Metaphysics; Nature: modern philosophy often begins when inherited certainty becomes a problem rather than a possession.,MIT_STS; MAGEE; SADLER; OYC_THEORY; BBC_STORY_SCI,"MIT OCW STS.002 — Toward the Scientific Revolution; Bryan Magee — Great Philosophers / Men of Ideas interviews; Gregory B. Sadler — philosophy text lectures and core concepts; Open Yale ENGL 300 — Introduction to Theory of Literature; BBC — The Story of Science: Power, Proof and Passion",https://ocw.mit.edu/courses/sts-002-toward-the-scientific-revolution-fall-2003/; https://www.openculture.com/2012/05/bryan_magees_in-depth_uncut_tv_conversations_with_famous_philosophers_1978-87.html; https://www.youtube.com/@GregoryBSadler; https://oyc.yale.edu/english/engl-300; https://www.bbc.co.uk/programmes/b00s8gcf,God; Metaphysics; Nature; Reasoning; Truth; Virtue and Vice; Will; Art,Core (1952),
Not Started,179,7,21,Newton,Mathematical Principles of Natural Philosophy,"Book III, Rules; General Scholium (revisit)",Cause; Knowledge; Mathematics; Mechanics; Physics; Science; Space; Time,MIT STS.002 — scientific revolution / natural philosophy context; then BBC Story of Science for the long arc of method and proof.,Lecture cue — use/search: “Newton Mathematical Principles of Natural Philosophy science history lecture”,"Use OYC Astrophysics, MIT Mechanics, or NOVA as appropriate to see the modern consequence of the model.","Watch for Cause; Knowledge; Mathematics; Mechanics: science here changes what counts as explanation: model, measurement, experiment, law, and reality.",MIT_STS; BBC_STORY_SCI; OYC_ASTRO; MIT_MECH; PBS_NOVA_NEWTON,"MIT OCW STS.002 — Toward the Scientific Revolution; BBC — The Story of Science: Power, Proof and Passion; Open Yale ASTR 160 — Frontiers and Controversies in Astrophysics; MIT OCW 8.01SC — Classical Mechanics; NOVA — Newton's Dark Secrets",https://ocw.mit.edu/courses/sts-002-toward-the-scientific-revolution-fall-2003/; https://www.bbc.co.uk/programmes/b00s8gcf; https://oyc.yale.edu/astronomy/astr-160; https://ocw.mit.edu/courses/8-01sc-classical-mechanics-fall-2016/; https://www.pbs.org/wgbh/nova/newton/,Cause; Mathematics; Mechanics; Physics; Science; Space; Time; Knowledge,Core (1952),
Not Started,180,7,22,Newton,Optics,"Book I, Part I; Book III, Queries",Art; Beauty; Form; Truth,MIT STS.002 — scientific revolution / natural philosophy context; then BBC Story of Science for the long arc of method and proof.,Lecture cue — use/search: “Newton Optics science history lecture”,"Use OYC Astrophysics, MIT Mechanics, or NOVA as appropriate to see the modern consequence of the model.","Watch for Art; Beauty; Form; Truth: science here changes what counts as explanation: model, measurement, experiment, law, and reality.",MIT_STS; BBC_STORY_SCI; OYC_ASTRO; MIT_MECH; PBS_NOVA_NEWTON,"MIT OCW STS.002 — Toward the Scientific Revolution; BBC — The Story of Science: Power, Proof and Passion; Open Yale ASTR 160 — Frontiers and Controversies in Astrophysics; MIT OCW 8.01SC — Classical Mechanics; NOVA — Newton's Dark Secrets",https://ocw.mit.edu/courses/sts-002-toward-the-scientific-revolution-fall-2003/; https://www.bbc.co.uk/programmes/b00s8gcf; https://oyc.yale.edu/astronomy/astr-160; https://ocw.mit.edu/courses/8-01sc-classical-mechanics-fall-2016/; https://www.pbs.org/wgbh/nova/newton/,Art; Beauty; Form; Truth,Core (1952),
Not Started,181,7,23,Huygens,Treatise on Light,Focus: opening (question/terms); one central argument or turning point; a representative example/scene; closing resolution (Read whole; then re-read these anchors),God; Religion; Sin; Truth,MIT STS.002 — scientific revolution / natural philosophy context; then BBC Story of Science for the long arc of method and proof.,Lecture cue — use/search: “Huygens Treatise on Light science history lecture”,"Use OYC Astrophysics, MIT Mechanics, or NOVA as appropriate to see the modern consequence of the model.","Watch for God; Religion; Sin; Truth: science here changes what counts as explanation: model, measurement, experiment, law, and reality.",MIT_STS; BBC_STORY_SCI; OYC_ASTRO,"MIT OCW STS.002 — Toward the Scientific Revolution; BBC — The Story of Science: Power, Proof and Passion; Open Yale ASTR 160 — Frontiers and Controversies in Astrophysics",https://ocw.mit.edu/courses/sts-002-toward-the-scientific-revolution-fall-2003/; https://www.bbc.co.uk/programmes/b00s8gcf; https://oyc.yale.edu/astronomy/astr-160,God; Religion; Sin; Truth,Core (1952),
Not Started,182,7,24,Kant,Critique of Practical Reason,Focus: opening (question/terms); one central argument or turning point; a representative example/scene; closing resolution (Read whole; then re-read these anchors),Duty; Judgment; Law; Liberty; Reasoning; Metaphysics; Truth; Will,"Bryan Magee — watch the matching philosopher/tradition episode first, or OYC Theory for the interpretive frame.",Gregory B. Sadler — use/search: “Kant Critique of Practical Reason lecture”,"Return to Magee/OYC Theory; locate the break: certainty, substance, freedom, history, language, being, or value.",Watch for Duty; Judgment; Law; Liberty: modern philosophy often begins when inherited certainty becomes a problem rather than a possession.,OYC_POLPHIL; MAGEE; SADLER; OYC_THEORY; HARVARD_JUSTICE,Open Yale PLSC 114 — Introduction to Political Philosophy; Bryan Magee — Great Philosophers / Men of Ideas interviews; Gregory B. Sadler — philosophy text lectures and core concepts; Open Yale ENGL 300 — Introduction to Theory of Literature; Harvard Justice — Michael Sandel course videos,https://oyc.yale.edu/political-science/plsc-114; https://www.openculture.com/2012/05/bryan_magees_in-depth_uncut_tv_conversations_with_famous_philosophers_1978-87.html; https://www.youtube.com/@GregoryBSadler; https://oyc.yale.edu/english/engl-300; https://justiceharvard.org/,Reasoning; Duty; Judgment; Law; Liberty; Metaphysics; Truth; Will,Core (1952),
Not Started,183,7,25,Kant,Critique of Judgment,Critique of Aesthetic Judgment,Duty; Judgment; Law; Liberty; Metaphysics; Reasoning; Truth; Will,"Bryan Magee — watch the matching philosopher/tradition episode first, or OYC Theory for the interpretive frame.",Gregory B. Sadler — use/search: “Kant Critique of Judgment lecture”,"Return to Magee/OYC Theory; locate the break: certainty, substance, freedom, history, language, being, or value.",Watch for Duty; Judgment; Law; Liberty: modern philosophy often begins when inherited certainty becomes a problem rather than a possession.,OYC_POLPHIL; MAGEE; SADLER; OYC_THEORY; HARVARD_JUSTICE,Open Yale PLSC 114 — Introduction to Political Philosophy; Bryan Magee — Great Philosophers / Men of Ideas interviews; Gregory B. Sadler — philosophy text lectures and core concepts; Open Yale ENGL 300 — Introduction to Theory of Literature; Harvard Justice — Michael Sandel course videos,https://oyc.yale.edu/political-science/plsc-114; https://www.openculture.com/2012/05/bryan_magees_in-depth_uncut_tv_conversations_with_famous_philosophers_1978-87.html; https://www.youtube.com/@GregoryBSadler; https://oyc.yale.edu/english/engl-300; https://justiceharvard.org/,Duty; Judgment; Law; Liberty; Metaphysics; Reasoning; Truth; Will,Core (1952),
Not Started,184,7,26,Mill,Utilitarianism,Focus: opening (question/terms); one central argument or turning point; a representative example/scene; closing resolution (Read whole; then re-read these anchors),Democracy; Government; Happiness; Justice; Law; Liberty; God; Virtue and Vice,"OYC Political Philosophy / Social Theory context for liberalism, utility, liberty, and representative government.",Lecture cue — use/search: “John Stuart Mill Utilitarianism lecture”,"Harvard Justice — utility, liberty, rights, equality; ask where individual freedom meets public good.",Watch for Democracy; Government; Happiness; Justice: Mill forces the liberal tradition to defend freedom without pretending society has no claim on the self.,OYC_POLPHIL; HARVARD_JUSTICE; SADLER; OYC_SOCIAL,Open Yale PLSC 114 — Introduction to Political Philosophy; Harvard Justice — Michael Sandel course videos; Gregory B. Sadler — philosophy text lectures and core concepts; Open Yale SOCY 151 — Foundations of Modern Social Theory,https://oyc.yale.edu/political-science/plsc-114; https://justiceharvard.org/; https://www.youtube.com/@GregoryBSadler; https://oyc.yale.edu/sociology/socy-151,Democracy; Government; Happiness; Justice; Law; Liberty; Virtue and Vice; God,Core (1952),
Not Started,185,7,27,Weber,Essays in Sociology,Part III,Custom and Convention; Government; Law; Art; Beauty; Form; Religion; State,OYC Foundations of Modern Social Theory — matching author/context lectures; then Crash Course Economics for the vocabulary.,Lecture cue — use/search: “Weber Essays in Sociology lecture”,"OYC Financial Markets or Game Theory — connect labor, wealth, exchange, institutions, conflict, and modern capitalism.","Watch for Custom and Convention; Government; Law; Art: economic texts become philosophical when wealth, labor, power, and human motives are treated as one system.",OYC_SOCIAL; CRASH_ECON; OYC_FINANCE; OYC_GAME,Open Yale SOCY 151 — Foundations of Modern Social Theory; Crash Course Economics; Open Yale ECON 252 — Financial Markets; Open Yale ECON 159 — Game Theory,https://oyc.yale.edu/sociology/socy-151; https://thecrashcourse.com/topic/economics/; https://oyc.yale.edu/economics/econ-252; https://oyc.yale.edu/economics/econ-159,Custom and Convention; Government; Law; Religion; State; Art; Beauty; Form,Expansion (1990),
Not Started,186,7,28,Proust,Swann in Love,"Focus: desire, jealousy, memory; social perception; narrative irony (Read whole; then re-read these anchors)",Desire; Love; Beauty; Experience; Memory and Imagination; Mind; Time; Truth,Crash Course Literature — use the author/work video when available; otherwise use the genre/period video.,Lecture cue — use/search: “Proust Swann in Love lecture”,"Open Yale Theory of Literature or European Civilization — connect form, society, class, consciousness, and modernity.","Watch for Desire; Love; Beauty; Experience: the modern novel often makes consciousness, society, and narration itself part of the argument.",CRASH_LIT; OYC_THEORY; OYC_EUROCIV,"Crash Course Literature; Open Yale ENGL 300 — Introduction to Theory of Literature; Open Yale HIST 202 — European Civilization, 1648–1945",https://thecrashcourse.com/topic/literature/; https://oyc.yale.edu/english/engl-300; https://oyc.yale.edu/history/hist-202,Desire; Love; Memory and Imagination; Mind; Time; Truth; Beauty; Experience,Expansion (1990),
Not Started,187,7,29,Brecht,Mother Courage and Her Children,Focus: scene-to-scene 'cost' of war; alienation effects; ending (Read whole; then re-read these anchors),Courage; Government; Honor; Justice; Labor; War and Peace; Tyranny and Despotism; Wealth,"Crash Course Theater and Drama — watch the period/genre episode: neoclassicism, realism, modern drama, epic theatre, or absurdism.",Stage production cue — use/search: “Brecht Mother Courage and Her Children full play performance or reputable stage excerpts”,Watch a production/interview on National Theatre at Home or Digital Theatre if available; compare text to performed timing.,"Watch for Courage; Government; Honor; Justice: drama lets ideas happen between bodies, pauses, entrances, exits, costumes, and public judgment.",CRASH_THEATER; NT_AT_HOME; DIGITAL_THEATRE,Crash Course Theater and Drama; National Theatre at Home; Digital Theatre,https://thecrashcourse.com/topic/theaterdrama/; https://www.ntathome.com/; https://www.digitaltheatre.com/,War and Peace; Courage; Government; Honor; Justice; Labor; Tyranny and Despotism; Wealth,Expansion (1990),
Not Started,188,8,1,Aristophanes,Thesmophoriazusae,Focus: opening (question/terms); one central argument or turning point; a representative example/scene; closing resolution (Read whole; then re-read these anchors),Art; Custom and Convention; Democracy; Desire; Education; Government; God; Rhetoric,National Theatre — Greek Theatre Video Collection on Greek comedy and satyr drama; pair with OYC Greek History context on Athens.,Performance/lecture cue — use/search: “Aristophanes Thesmophoriazusae Greek comedy”,Crash Course Theater and Drama — comedy and ancient theatre context; then ask what satire can know that philosophy misses.,"Watch for Art; Custom and Convention; Democracy; Desire: comedy is civic diagnosis through ridicule, appetite, sex, money, and fantasy.",PBS_GREEKS; NAT_GREEK; CRASH_THEATER; OYC_GREEK,PBS Empires — The Greeks: Crucible of Civilization; National Theatre — Greek Theatre Video Collection; Crash Course Theater and Drama; Open Yale CLCV 205 — Introduction to Ancient Greek History,https://www.pbs.org/empires/thegreeks/; https://www.nationaltheatre.org.uk/learn-explore/greek-theatre-video-collection/; https://thecrashcourse.com/topic/theaterdrama/; https://oyc.yale.edu/classics/clcv-205,Art; Custom and Convention; Democracy; Desire; Education; Government; Rhetoric; God,Core (1952),
Not Started,189,8,2,Aristophanes,Ecclesiazusae,Focus: opening (question/terms); one central argument or turning point; a representative example/scene; closing resolution (Read whole; then re-read these anchors),Art; Custom and Convention; Democracy; Desire; Education; Government; God; Rhetoric,National Theatre — Greek Theatre Video Collection on Greek comedy and satyr drama; pair with OYC Greek History context on Athens.,Performance/lecture cue — use/search: “Aristophanes Ecclesiazusae Greek comedy”,Crash Course Theater and Drama — comedy and ancient theatre context; then ask what satire can know that philosophy misses.,"Watch for Art; Custom and Convention; Democracy; Desire: comedy is civic diagnosis through ridicule, appetite, sex, money, and fantasy.",PBS_GREEKS; NAT_GREEK; CRASH_THEATER; OYC_GREEK,PBS Empires — The Greeks: Crucible of Civilization; National Theatre — Greek Theatre Video Collection; Crash Course Theater and Drama; Open Yale CLCV 205 — Introduction to Ancient Greek History,https://www.pbs.org/empires/thegreeks/; https://www.nationaltheatre.org.uk/learn-explore/greek-theatre-video-collection/; https://thecrashcourse.com/topic/theaterdrama/; https://oyc.yale.edu/classics/clcv-205,Art; Custom and Convention; Democracy; Desire; Education; Government; Rhetoric; God,Core (1952),
Not Started,190,8,3,Aristophanes,Plutus,Focus: opening (question/terms); one central argument or turning point; a representative example/scene; closing resolution (Read whole; then re-read these anchors),Art; Custom and Convention; Democracy; Desire; Education; Government; God; Rhetoric,National Theatre — Greek Theatre Video Collection on Greek comedy and satyr drama; pair with OYC Greek History context on Athens.,Performance/lecture cue — use/search: “Aristophanes Plutus Greek comedy”,Crash Course Theater and Drama — comedy and ancient theatre context; then ask what satire can know that philosophy misses.,"Watch for Art; Custom and Convention; Democracy; Desire: comedy is civic diagnosis through ridicule, appetite, sex, money, and fantasy.",PBS_GREEKS; NAT_GREEK; CRASH_THEATER; OYC_GREEK,PBS Empires — The Greeks: Crucible of Civilization; National Theatre — Greek Theatre Video Collection; Crash Course Theater and Drama; Open Yale CLCV 205 — Introduction to Ancient Greek History,https://www.pbs.org/empires/thegreeks/; https://www.nationaltheatre.org.uk/learn-explore/greek-theatre-video-collection/; https://thecrashcourse.com/topic/theaterdrama/; https://oyc.yale.edu/classics/clcv-205,Art; Custom and Convention; Democracy; Desire; Education; Government; Rhetoric; God,Core (1952),
Not Started,191,8,4,Plato,Gorgias,Focus: rhetoric vs truth; power; Callicles; the good life argument (Read whole; then re-read these anchors),Desire; Good and Evil; Government; Justice; Knowledge; Dialectic; Rhetoric; Truth,"OYC PLSC 114 — watch the opening lectures on Socrates, polis, justice, and philosophy as public danger.",Gregory B. Sadler — use/search: “Plato Gorgias text lecture core concepts”,Bryan Magee — Plato episode; then write the question Plato leaves harder than he found it.,Watch for Desire; Good and Evil; Government; Justice: Plato rarely hands you a doctrine first; he stages a soul learning how to ask.,OYC_POLPHIL; SADLER; MAGEE,Open Yale PLSC 114 — Introduction to Political Philosophy; Gregory B. Sadler — philosophy text lectures and core concepts; Bryan Magee — Great Philosophers / Men of Ideas interviews,https://oyc.yale.edu/political-science/plsc-114; https://www.youtube.com/@GregoryBSadler; https://www.openculture.com/2012/05/bryan_magees_in-depth_uncut_tv_conversations_with_famous_philosophers_1978-87.html,Rhetoric; Truth; Desire; Good and Evil; Government; Justice; Knowledge; Dialectic,Core (1952),
Not Started,192,8,5,Aristotle,Nicomachean Ethics,Book V,Duty; Happiness; Justice; Pleasure and Pain; Prudence; Reasoning; Temperance; Virtue and Vice,OYC PLSC 114 — Aristotle/polis lectures; then Harvard Justice for the modern moral-political pressure points.,Gregory B. Sadler — use/search: “Aristotle Nicomachean Ethics text lecture”,Bryan Magee — Aristotle episode; compare Aristotle’s teleology with modern rights and utility.,Watch for Duty; Happiness; Justice; Pleasure and Pain: Aristotle begins from practices and asks what form of life lets a thing become itself.,OYC_POLPHIL; HARVARD_JUSTICE; SADLER; MAGEE,Open Yale PLSC 114 — Introduction to Political Philosophy; Harvard Justice — Michael Sandel course videos; Gregory B. Sadler — philosophy text lectures and core concepts; Bryan Magee — Great Philosophers / Men of Ideas interviews,https://oyc.yale.edu/political-science/plsc-114; https://justiceharvard.org/; https://www.youtube.com/@GregoryBSadler; https://www.openculture.com/2012/05/bryan_magees_in-depth_uncut_tv_conversations_with_famous_philosophers_1978-87.html,Duty; Happiness; Justice; Pleasure and Pain; Prudence; Reasoning; Temperance; Virtue and Vice,Core (1952),
Not Started,193,8,6,Aristotle,Rhetoric,"Book I, Ch. 1-Book II, Ch. 1; Book II, Ch. 20-Book III, Ch. 1; Book III, Ch. 13-19",Language; Emotion; Government; Happiness; Opinion; Rhetoric; Reasoning; Truth,"National Theatre Greek Theatre videos; then Crash Course Theater on tragedy, plot, rhetoric, and audience.",Gregory B. Sadler — use/search: “Aristotle Rhetoric lecture”,Compare the theory to a tragedy/comedy you just read: does Aristotle explain what the stage actually did to you?,Watch for Language; Emotion; Government; Happiness: form is not decoration here; form is how action becomes intelligible.,NAT_GREEK; CRASH_THEATER; SADLER,National Theatre — Greek Theatre Video Collection; Crash Course Theater and Drama; Gregory B. Sadler — philosophy text lectures and core concepts,https://www.nationaltheatre.org.uk/learn-explore/greek-theatre-video-collection/; https://thecrashcourse.com/topic/theaterdrama/; https://www.youtube.com/@GregoryBSadler,Language; Opinion; Rhetoric; Emotion; Reasoning; Truth; Government; Happiness,Core (1952),
Not Started,194,8,7,St. Augustine,On Christian Doctrine,Focus: signs vs things; interpretation rules; charity as telos (Read whole; then re-read these anchors),God; Love; Religion; Sin; Soul; Theology; Time; Truth,BBC Civilisation — late antique/Christian transition context; then OYC New Testament background if needed.,Gregory B. Sadler — use/search: “St. Augustine On Christian Doctrine lecture”,Bryan Magee or a late-antique Christianity lecture; ask how inwardness becomes philosophical evidence.,"Watch for God; Love; Religion; Sin: Christian thought absorbs classical philosophy by relocating the drama inside memory, will, sin, grace, and time.",BBC_CIVILISATION; OYC_NT; SADLER; MAGEE,Kenneth Clark — Civilisation; Open Yale RLST 152 — Introduction to New Testament History and Literature; Gregory B. Sadler — philosophy text lectures and core concepts; Bryan Magee — Great Philosophers / Men of Ideas interviews,https://www.bbcselect.com/watch/civilisation/; https://oyc.yale.edu/religious-studies/rlst-152; https://www.youtube.com/@GregoryBSadler; https://www.openculture.com/2012/05/bryan_magees_in-depth_uncut_tv_conversations_with_famous_philosophers_1978-87.html,God; Love; Religion; Sin; Soul; Theology; Time; Truth,Core (1952),
Not Started,195,8,8,Hobbes,Leviathan,Part II,Government; Justice; Law; Liberty; Art; Necessity and Contingency; State; Tyranny and Despotism,OYC Political Philosophy — watch the matching author lectures; use Crash Course European History for state/revolution context.,Open Yale / lecture cue — use/search: “Hobbes Leviathan political philosophy lecture”,"Harvard Justice — connect sovereignty, consent, rights, equality, and democracy to live moral-political arguments.","Watch for Government; Justice; Law; Liberty: modern politics asks what authority remains when custom, throne, church, and nature lose automatic command.",OYC_POLPHIL; OYC_SOCIAL; HARVARD_JUSTICE; CRASH_EURO,Open Yale PLSC 114 — Introduction to Political Philosophy; Open Yale SOCY 151 — Foundations of Modern Social Theory; Harvard Justice — Michael Sandel course videos; Crash Course European History,https://oyc.yale.edu/political-science/plsc-114; https://oyc.yale.edu/sociology/socy-151; https://justiceharvard.org/; https://www.youtube.com/playlist?list=PL8dPuuaLjXtMsMTfmRomkVQG8AqrAmJFX,Government; Justice; Law; Liberty; Necessity and Contingency; State; Tyranny and Despotism; Art,Core (1952),
Not Started,196,8,9,Shakespeare,Othello,Focus: manipulation; jealousy formation; key confrontations; final reckoning (Read whole; then re-read these anchors),Desire; Emotion; Fate; Good and Evil; Justice; Love; Tyranny and Despotism; War and Peace,"RSC Shakespeare Learning Zone — Othello; watch plot, characters, and key scenes before reading.","Watch a staged production through RSC Watch Online, Globe Player, Digital Theatre, or another reputable production source: Othello.","Crash Course Literature/Theater — use the genre context: tragedy, comedy, history play, rhetoric, or political theatre.",Watch for Desire; Emotion; Fate; Good and Evil: Shakespeare makes public order and private speech collide inside the same human voice.,RSC_LEARN; RSC_STREAM; GLOBE_PLAYER; CRASH_LIT; CRASH_THEATER,Royal Shakespeare Company — Shakespeare Learning Zone; Royal Shakespeare Company — Watch Online; Shakespeare's Globe Player; Crash Course Literature; Crash Course Theater and Drama,https://www.rsc.org.uk/shakespeare-learning-zone; https://www.rsc.org.uk/watch-online; https://player.shakespearesglobe.com/; https://thecrashcourse.com/topic/literature/; https://thecrashcourse.com/topic/theaterdrama/,Desire; Emotion; Fate; Good and Evil; Justice; Love; Tyranny and Despotism; War and Peace,Core (1952),
Not Started,197,8,10,Shakespeare,King Lear,Focus: division scene; storm; Gloucester subplot; ending suffering/insight (Read whole; then re-read these anchors),Desire; Emotion; Fate; Good and Evil; Justice; Love; Tyranny and Despotism; War and Peace,"RSC Shakespeare Learning Zone — King Lear; watch plot, characters, and key scenes before reading.","Watch a staged production through RSC Watch Online, Globe Player, Digital Theatre, or another reputable production source: King Lear.","Crash Course Literature/Theater — use the genre context: tragedy, comedy, history play, rhetoric, or political theatre.",Watch for Desire; Emotion; Fate; Good and Evil: Shakespeare makes public order and private speech collide inside the same human voice.,RSC_LEARN; RSC_STREAM; GLOBE_PLAYER; CRASH_LIT; CRASH_THEATER,Royal Shakespeare Company — Shakespeare Learning Zone; Royal Shakespeare Company — Watch Online; Shakespeare's Globe Player; Crash Course Literature; Crash Course Theater and Drama,https://www.rsc.org.uk/shakespeare-learning-zone; https://www.rsc.org.uk/watch-online; https://player.shakespearesglobe.com/; https://thecrashcourse.com/topic/literature/; https://thecrashcourse.com/topic/theaterdrama/,Desire; Emotion; Fate; Good and Evil; Justice; Love; Tyranny and Despotism; War and Peace,Core (1952),
Not Started,198,8,11,Bacon,Advancement of Learning,"Book I, Ch. 1-Book II, Ch. 11",Knowledge; Justice; Truth; Reasoning,"MIT STS.002 — scientific revolution context; then BBC Story of Science on method, experiment, and proof.",Lecture cue — use/search: “Francis Bacon Advancement of Learning scientific method lecture”,"BBC Civilisation — connect empirical method to modern power, progress, and utopian planning.",Watch for Knowledge; Justice; Truth; Reasoning: Bacon’s new organon is a program for remaking knowledge into collective power.,MIT_STS; BBC_STORY_SCI; BBC_CIVILISATION,"MIT OCW STS.002 — Toward the Scientific Revolution; BBC — The Story of Science: Power, Proof and Passion; Kenneth Clark — Civilisation",https://ocw.mit.edu/courses/sts-002-toward-the-scientific-revolution-fall-2003/; https://www.bbc.co.uk/programmes/b00s8gcf; https://www.bbcselect.com/watch/civilisation/,Truth; Knowledge; Reasoning; Justice,Core (1952),
Not Started,199,8,12,Descartes,Meditations on the First Philosophy,Focus: doubt method; cogito; clear/distinct; mind-body; God arguments (Read whole; then re-read these anchors),Knowledge; Idea; Logic; Art; Mind; Reasoning; Truth; Metaphysics,"Bryan Magee — watch the matching philosopher/tradition episode first, or OYC Theory for the interpretive frame.",Gregory B. Sadler — use/search: “Descartes Meditations on the First Philosophy lecture”,"Return to Magee/OYC Theory; locate the break: certainty, substance, freedom, history, language, being, or value.",Watch for Knowledge; Idea; Logic; Art: modern philosophy often begins when inherited certainty becomes a problem rather than a possession.,MIT_STS; MAGEE; SADLER; OYC_THEORY; BBC_STORY_SCI,"MIT OCW STS.002 — Toward the Scientific Revolution; Bryan Magee — Great Philosophers / Men of Ideas interviews; Gregory B. Sadler — philosophy text lectures and core concepts; Open Yale ENGL 300 — Introduction to Theory of Literature; BBC — The Story of Science: Power, Proof and Passion",https://ocw.mit.edu/courses/sts-002-toward-the-scientific-revolution-fall-2003/; https://www.openculture.com/2012/05/bryan_magees_in-depth_uncut_tv_conversations_with_famous_philosophers_1978-87.html; https://www.youtube.com/@GregoryBSadler; https://oyc.yale.edu/english/engl-300; https://www.bbc.co.uk/programmes/b00s8gcf,Knowledge; Mind; Reasoning; Truth; Idea; Metaphysics; Logic; Art,Core (1952),
Not Started,200,8,13,Spinoza,Ethics,Part III,God; Art; Metaphysics; Nature; Reasoning; Truth; Virtue and Vice; Will,"Bryan Magee — watch the matching philosopher/tradition episode first, or OYC Theory for the interpretive frame.",Gregory B. Sadler — use/search: “Spinoza Ethics lecture”,"Return to Magee/OYC Theory; locate the break: certainty, substance, freedom, history, language, being, or value.",Watch for God; Art; Metaphysics; Nature: modern philosophy often begins when inherited certainty becomes a problem rather than a possession.,MIT_STS; MAGEE; SADLER; OYC_THEORY; BBC_STORY_SCI,"MIT OCW STS.002 — Toward the Scientific Revolution; Bryan Magee — Great Philosophers / Men of Ideas interviews; Gregory B. Sadler — philosophy text lectures and core concepts; Open Yale ENGL 300 — Introduction to Theory of Literature; BBC — The Story of Science: Power, Proof and Passion",https://ocw.mit.edu/courses/sts-002-toward-the-scientific-revolution-fall-2003/; https://www.openculture.com/2012/05/bryan_magees_in-depth_uncut_tv_conversations_with_famous_philosophers_1978-87.html; https://www.youtube.com/@GregoryBSadler; https://oyc.yale.edu/english/engl-300; https://www.bbc.co.uk/programmes/b00s8gcf,God; Metaphysics; Nature; Reasoning; Truth; Virtue and Vice; Will; Art,Core (1952),
Not Started,201,8,14,Locke,A Letter Concerning Toleration,Focus: limits of state; conscience; tolerance boundaries (Read whole; then re-read these anchors),Government; Law; Constitution; Experience; Justice; Knowledge; Liberty; Reasoning,OYC Political Philosophy — watch the matching author lectures; use Crash Course European History for state/revolution context.,Open Yale / lecture cue — use/search: “Locke A Letter Concerning Toleration political philosophy lecture”,"Harvard Justice — connect sovereignty, consent, rights, equality, and democracy to live moral-political arguments.","Watch for Government; Law; Constitution; Experience: modern politics asks what authority remains when custom, throne, church, and nature lose automatic command.",OYC_POLPHIL; OYC_SOCIAL; HARVARD_JUSTICE; CRASH_EURO,Open Yale PLSC 114 — Introduction to Political Philosophy; Open Yale SOCY 151 — Foundations of Modern Social Theory; Harvard Justice — Michael Sandel course videos; Crash Course European History,https://oyc.yale.edu/political-science/plsc-114; https://oyc.yale.edu/sociology/socy-151; https://justiceharvard.org/; https://www.youtube.com/playlist?list=PL8dPuuaLjXtMsMTfmRomkVQG8AqrAmJFX,Government; Law; Constitution; Experience; Justice; Knowledge; Liberty; Reasoning,Core (1952),
Not Started,202,8,15,Rousseau,A Discourse on Political Economy,Focus: opening (question/terms); one central argument or turning point; a representative example/scene; closing resolution (Read whole; then re-read these anchors),Citizen; Democracy; Government; Justice; Law; Liberty; Revolution; State,OYC Political Philosophy — watch the matching author lectures; use Crash Course European History for state/revolution context.,Open Yale / lecture cue — use/search: “Rousseau A Discourse on Political Economy political philosophy lecture”,"Harvard Justice — connect sovereignty, consent, rights, equality, and democracy to live moral-political arguments.","Watch for Citizen; Democracy; Government; Justice: modern politics asks what authority remains when custom, throne, church, and nature lose automatic command.",OYC_POLPHIL; OYC_SOCIAL; HARVARD_JUSTICE; CRASH_EURO,Open Yale PLSC 114 — Introduction to Political Philosophy; Open Yale SOCY 151 — Foundations of Modern Social Theory; Harvard Justice — Michael Sandel course videos; Crash Course European History,https://oyc.yale.edu/political-science/plsc-114; https://oyc.yale.edu/sociology/socy-151; https://justiceharvard.org/; https://www.youtube.com/playlist?list=PL8dPuuaLjXtMsMTfmRomkVQG8AqrAmJFX,Citizen; Democracy; Government; Justice; Law; Liberty; Revolution; State,Core (1952),
Not Started,203,8,16,Adam Smith,The Wealth of Nations,Book II,Government; Labor; Justice; Liberty; Wealth; Progress; Prudence,OYC Foundations of Modern Social Theory — matching author/context lectures; then Crash Course Economics for the vocabulary.,Lecture cue — use/search: “Adam Smith The Wealth of Nations lecture”,"OYC Financial Markets or Game Theory — connect labor, wealth, exchange, institutions, conflict, and modern capitalism.","Watch for Government; Labor; Justice; Liberty: economic texts become philosophical when wealth, labor, power, and human motives are treated as one system.",OYC_SOCIAL; CRASH_ECON; OYC_FINANCE; OYC_GAME,Open Yale SOCY 151 — Foundations of Modern Social Theory; Crash Course Economics; Open Yale ECON 252 — Financial Markets; Open Yale ECON 159 — Game Theory,https://oyc.yale.edu/sociology/socy-151; https://thecrashcourse.com/topic/economics/; https://oyc.yale.edu/economics/econ-252; https://oyc.yale.edu/economics/econ-159,Government; Labor; Wealth; Justice; Liberty; Progress; Prudence,Core (1952),
Not Started,204,8,17,Boswell,The Life of Samuel Johnson,Focus: opening (question/terms); one central argument or turning point; a representative example/scene; closing resolution (Read whole; then re-read these anchors),God; Religion; Sin; Truth,BBC Civilisation — Enlightenment Britain context; then a short Samuel Johnson/Boswell lecture.,Lecture cue — use/search: “Boswell Life of Samuel Johnson lecture”,"Compare biography to philosophy: how does a life become an argument about judgment, wit, habit, and character?",Watch for God; Religion; Sin; Truth: Boswell makes conversation itself a literary form of moral observation.,BBC_CIVILISATION; CRASH_LIT; OYC_EUROCIV,"Kenneth Clark — Civilisation; Crash Course Literature; Open Yale HIST 202 — European Civilization, 1648–1945",https://www.bbcselect.com/watch/civilisation/; https://thecrashcourse.com/topic/literature/; https://oyc.yale.edu/history/hist-202,God; Religion; Sin; Truth,Core (1952),
Not Started,205,8,18,Marx,Capital,Prefaces; Part I-II,Government; Justice; Labor; Progress; Revolution; State; Wealth; Slavery,OYC Foundations of Modern Social Theory — matching author/context lectures; then Crash Course Economics for the vocabulary.,Lecture cue — use/search: “Marx Capital lecture”,"OYC Financial Markets or Game Theory — connect labor, wealth, exchange, institutions, conflict, and modern capitalism.","Watch for Government; Justice; Labor; Progress: economic texts become philosophical when wealth, labor, power, and human motives are treated as one system.",OYC_SOCIAL; CRASH_ECON; OYC_FINANCE; OYC_GAME,Open Yale SOCY 151 — Foundations of Modern Social Theory; Crash Course Economics; Open Yale ECON 252 — Financial Markets; Open Yale ECON 159 — Game Theory,https://oyc.yale.edu/sociology/socy-151; https://thecrashcourse.com/topic/economics/; https://oyc.yale.edu/economics/econ-252; https://oyc.yale.edu/economics/econ-159,Government; Justice; Labor; Progress; Revolution; State; Wealth; Slavery,Core (1952),
Not Started,206,8,19,Goethe,Faust,Part I,Art; Desire; Good and Evil; Love; Beauty; Form; Truth; Will,OYC European Civilization / BBC Civilisation for German Enlightenment-Romantic context.,Lecture/performance cue — use/search: “Goethe Faust lecture performance”,"Crash Course Theater or literature context; compare striving, knowledge, desire, salvation, and modern subjectivity.",Watch for Art; Desire; Good and Evil; Love: Faust turns modern ambition into a metaphysical bargain.,CRASH_THEATER; OYC_EUROCIV; BBC_CIVILISATION,"Crash Course Theater and Drama; Open Yale HIST 202 — European Civilization, 1648–1945; Kenneth Clark — Civilisation",https://thecrashcourse.com/topic/theaterdrama/; https://oyc.yale.edu/history/hist-202; https://www.bbcselect.com/watch/civilisation/,Art; Desire; Good and Evil; Love; Truth; Will; Beauty; Form,Core (1952),
Not Started,207,8,20,James,Principles of Psychology,Ch. VIII-X,Emotion; Experience; Knowledge; Memory and Imagination; Mind; Reasoning; Truth; Will,"OYC Psychology — lectures on consciousness, memory, self, and development; then philosophy context for pragmatism.",Lecture cue — use/search: “William James Principles of Psychology psychology pragmatism lecture”,"Bryan Magee / Sadler on pragmatism; connect experience, habit, will, truth, and practical consequences.",Watch for Emotion; Experience; Knowledge; Memory and Imagination: James makes experience primary: consciousness flows before concepts carve it up.,OYC_PSYCH; SADLER; OYC_THEORY; MAGEE,Open Yale PSYC 110 — Introduction to Psychology; Gregory B. Sadler — philosophy text lectures and core concepts; Open Yale ENGL 300 — Introduction to Theory of Literature; Bryan Magee — Great Philosophers / Men of Ideas interviews,https://oyc.yale.edu/introduction-psychology/psyc-110; https://www.youtube.com/@GregoryBSadler; https://oyc.yale.edu/english/engl-300; https://www.openculture.com/2012/05/bryan_magees_in-depth_uncut_tv_conversations_with_famous_philosophers_1978-87.html,Emotion; Experience; Knowledge; Memory and Imagination; Mind; Reasoning; Truth; Will,Core (1952),
Not Started,208,8,21,Sterne,Tristram Shandy,Focus: narrative play; selfhood; digressions as philosophy (Read whole; then re-read these anchors),Knowledge; Philosophy; Truth; Reasoning,Crash Course Literature — use the author/work video when available; otherwise use the genre/period video.,Lecture cue — use/search: “Sterne Tristram Shandy lecture”,"Open Yale Theory of Literature or European Civilization — connect form, society, class, consciousness, and modernity.","Watch for Knowledge; Philosophy; Truth; Reasoning: the modern novel often makes consciousness, society, and narration itself part of the argument.",CRASH_LIT; OYC_THEORY; OYC_EUROCIV,"Crash Course Literature; Open Yale ENGL 300 — Introduction to Theory of Literature; Open Yale HIST 202 — European Civilization, 1648–1945",https://thecrashcourse.com/topic/literature/; https://oyc.yale.edu/english/engl-300; https://oyc.yale.edu/history/hist-202,Knowledge; Philosophy; Truth; Reasoning,Core (1952),
Not Started,209,8,22,Barth,The Word of God and the Word of Man,I-IV,God; Art; Beauty; Religion; Theology; Sin; Truth; Will,"Rick Steves — Luther and the Reformation; then PBS Battle for the Bible for scripture, authority, and conflict.",Lecture cue — use/search: “Barth The Word of God and the Word of Man theology lecture”,"BBC Civilisation — Reformation/modern religion context; compare reform, grace, authority, and institutional rupture.","Watch for God; Art; Beauty; Religion: the question is how revelation can speak without being domesticated by culture, church, or self.",RICK_STEVES_LUTHER; PBS_BATTLE_BIBLE; BBC_CIVILISATION; SADLER,Rick Steves — Luther and the Reformation; PBS Secrets of the Dead — Battle for the Bible; Kenneth Clark — Civilisation; Gregory B. Sadler — philosophy text lectures and core concepts,https://www.ricksteves.com/watch-read-listen/video/tv-show/tv-specials/luther; https://www.pbs.org/wnet/secrets/battle-for-the-bible-about-the-episode/7154/; https://www.bbcselect.com/watch/civilisation/; https://www.youtube.com/@GregoryBSadler,God; Religion; Theology; Sin; Truth; Will; Art; Beauty,Expansion (1990),
Not Started,210,8,23,Bergson,An Introduction to Metaphysics,Focus: intuition vs analysis; duration; critique of spatialized time (Read whole; then re-read these anchors),Experience; Knowledge; Metaphysics; Time; Mind; Science; Truth; Physics,"Bryan Magee — watch the matching philosopher/tradition episode first, or OYC Theory for the interpretive frame.",Gregory B. Sadler — use/search: “Bergson An Introduction to Metaphysics lecture”,"Return to Magee/OYC Theory; locate the break: certainty, substance, freedom, history, language, being, or value.",Watch for Experience; Knowledge; Metaphysics; Time: modern philosophy often begins when inherited certainty becomes a problem rather than a possession.,MAGEE; SADLER; OYC_THEORY,Bryan Magee — Great Philosophers / Men of Ideas interviews; Gregory B. Sadler — philosophy text lectures and core concepts; Open Yale ENGL 300 — Introduction to Theory of Literature,https://www.openculture.com/2012/05/bryan_magees_in-depth_uncut_tv_conversations_with_famous_philosophers_1978-87.html; https://www.youtube.com/@GregoryBSadler; https://oyc.yale.edu/english/engl-300,Metaphysics; Time; Experience; Knowledge; Mind; Science; Truth; Physics,Expansion (1990),
Not Started,211,8,24,Hardy,A Mathematician's Apology,Focus: 'real' math; beauty; pure vs applied; mathematician's motives (Read whole; then re-read these anchors),Art; Beauty; Form; Truth,BBC Story of Maths — relevant ancient/geometry episode; then 3Blue1Brown or Numberphile for visual intuition.,Math lecture cue — use/search: “Hardy A Mathematician's Apology explanation”,"MIT STS.002 — connect proof and mathematical form to astronomy, mechanics, and natural philosophy.",Watch for Art; Beauty; Form; Truth: mathematics gives the conversation a different kind of necessity: demonstration rather than persuasion.,STORY_MATHS; THREEB1B; NUMBERPHILE; MIT_STS,BBC — The Story of Maths; 3Blue1Brown; Numberphile; MIT OCW STS.002 — Toward the Scientific Revolution,https://www.bbc.co.uk/programmes/b00dxjls; https://www.3blue1brown.com/; https://www.numberphile.com/; https://ocw.mit.edu/courses/sts-002-toward-the-scientific-revolution-fall-2003/,Art; Beauty; Form; Truth,Expansion (1990),
Not Started,212,8,25,Kafka,The Metamorphosis,Focus: alienation; family economy; shame/care; ending (Read whole; then re-read these anchors),Custom and Convention; Family; Love; Truth,Crash Course Literature — use the author/work video when available; otherwise use the genre/period video.,Lecture cue — use/search: “Kafka The Metamorphosis lecture”,"Open Yale Theory of Literature or European Civilization — connect form, society, class, consciousness, and modernity.","Watch for Custom and Convention; Family; Love; Truth: the modern novel often makes consciousness, society, and narration itself part of the argument.",CRASH_LIT; OYC_THEORY; OYC_EUROCIV,"Crash Course Literature; Open Yale ENGL 300 — Introduction to Theory of Literature; Open Yale HIST 202 — European Civilization, 1648–1945",https://thecrashcourse.com/topic/literature/; https://oyc.yale.edu/english/engl-300; https://oyc.yale.edu/history/hist-202,Custom and Convention; Family; Love; Truth,Expansion (1990),
Not Started,213,8,26,Whitehead,An Introduction to Mathematics,"Focus: chapters on number, continuity, infinity, geometry",Hypothesis; Science; Mathematics; Nature; Philosophy; Progress; Reasoning; Quantity,"Bryan Magee — watch the matching philosopher/tradition episode first, or OYC Theory for the interpretive frame.",Gregory B. Sadler — use/search: “Whitehead An Introduction to Mathematics lecture”,"Return to Magee/OYC Theory; locate the break: certainty, substance, freedom, history, language, being, or value.",Watch for Hypothesis; Science; Mathematics; Nature: modern philosophy often begins when inherited certainty becomes a problem rather than a possession.,MAGEE; SADLER; OYC_THEORY,Bryan Magee — Great Philosophers / Men of Ideas interviews; Gregory B. Sadler — philosophy text lectures and core concepts; Open Yale ENGL 300 — Introduction to Theory of Literature,https://www.openculture.com/2012/05/bryan_magees_in-depth_uncut_tv_conversations_with_famous_philosophers_1978-87.html; https://www.youtube.com/@GregoryBSadler; https://oyc.yale.edu/english/engl-300,Science; Mathematics; Nature; Philosophy; Progress; Reasoning; Quantity; Hypothesis,Expansion (1990),Math 'great conversation' companion to Hardy/Euclid
Not Started,214,8,27,James,Pragmatism,"Lectures I-II; VI-VIII (truth, consequences, temperament)",Knowledge; Experience; Reasoning; Truth; Philosophy; Will; Memory and Imagination; Mind,"OYC Psychology — lectures on consciousness, memory, self, and development; then philosophy context for pragmatism.",Lecture cue — use/search: “William James Pragmatism psychology pragmatism lecture”,"Bryan Magee / Sadler on pragmatism; connect experience, habit, will, truth, and practical consequences.",Watch for Knowledge; Experience; Reasoning; Truth: James makes experience primary: consciousness flows before concepts carve it up.,OYC_PSYCH; SADLER; OYC_THEORY; MAGEE,Open Yale PSYC 110 — Introduction to Psychology; Gregory B. Sadler — philosophy text lectures and core concepts; Open Yale ENGL 300 — Introduction to Theory of Literature; Bryan Magee — Great Philosophers / Men of Ideas interviews,https://oyc.yale.edu/introduction-psychology/psyc-110; https://www.youtube.com/@GregoryBSadler; https://oyc.yale.edu/english/engl-300; https://www.openculture.com/2012/05/bryan_magees_in-depth_uncut_tv_conversations_with_famous_philosophers_1978-87.html,Knowledge; Reasoning; Truth; Experience; Philosophy; Will; Memory and Imagination; Mind,Expansion (1990),Pairs naturally with James psychology & Bergson
Not Started,215,8,28,Henry James,The Beast in the Jungle,(Novella) Focus: the 'waiting' motif; recognition scene; ending,Knowledge; Justice; Truth; Reasoning,Crash Course Literature — use the author/work video when available; otherwise use the genre/period video.,Lecture cue — use/search: “Henry James The Beast in the Jungle lecture”,"Open Yale Theory of Literature or European Civilization — connect form, society, class, consciousness, and modernity.","Watch for Knowledge; Justice; Truth; Reasoning: the modern novel often makes consciousness, society, and narration itself part of the argument.",CRASH_LIT; OYC_THEORY; OYC_EUROCIV,"Crash Course Literature; Open Yale ENGL 300 — Introduction to Theory of Literature; Open Yale HIST 202 — European Civilization, 1648–1945",https://thecrashcourse.com/topic/literature/; https://oyc.yale.edu/english/engl-300; https://oyc.yale.edu/history/hist-202,Truth; Knowledge; Reasoning; Justice,Expansion (1990),Modern selfhood next to Proust
Not Started,216,9,1,Plato,The Sophist,Focus: being/nonbeing puzzle; definition method; falsehood (Read whole; then re-read these anchors),Dialectic; Education; Good and Evil; Government; Justice; Knowledge; Law; Love,"OYC PLSC 114 — watch the opening lectures on Socrates, polis, justice, and philosophy as public danger.",Gregory B. Sadler — use/search: “Plato The Sophist text lecture core concepts”,Bryan Magee — Plato episode; then write the question Plato leaves harder than he found it.,Watch for Dialectic; Education; Good and Evil; Government: Plato rarely hands you a doctrine first; he stages a soul learning how to ask.,OYC_POLPHIL; SADLER; MAGEE,Open Yale PLSC 114 — Introduction to Political Philosophy; Gregory B. Sadler — philosophy text lectures and core concepts; Bryan Magee — Great Philosophers / Men of Ideas interviews,https://oyc.yale.edu/political-science/plsc-114; https://www.youtube.com/@GregoryBSadler; https://www.openculture.com/2012/05/bryan_magees_in-depth_uncut_tv_conversations_with_famous_philosophers_1978-87.html,Dialectic; Education; Good and Evil; Government; Justice; Knowledge; Law; Love,Core (1952),
Not Started,217,9,2,Thucydides,The History of the Peloponnesian War,Book VII-VIII,Government; Honor; Cause; Justice; Courage; War and Peace; State; Tyranny and Despotism,"PBS Empires — The Greeks; then OYC Greek History lectures on Persian Wars, Athenian empire, Sparta, and the Peloponnesian War.",Open Yale Greek History — use/search: “Thucydides The History of the Peloponnesian War Persian Wars Peloponnesian War lecture”,Crash Course World History — Greece/Persia and classical empire videos; compare historical inquiry with mythic memory.,"Watch for Government; Honor; Cause; Justice: history appears when memory, power, causation, and political judgment start arguing with one another.",PBS_GREEKS; OYC_GREEK; CRASH_WORLD,PBS Empires — The Greeks: Crucible of Civilization; Open Yale CLCV 205 — Introduction to Ancient Greek History; Crash Course World History,https://www.pbs.org/empires/thegreeks/; https://oyc.yale.edu/classics/clcv-205; https://www.youtube.com/playlist?list=PLBDA2E52FB1EF80C9,War and Peace; Government; Honor; Cause; Justice; State; Tyranny and Despotism; Courage,Core (1952),
Not Started,218,9,3,Aristotle,Politics,Book VII-VIII,Aristocracy; Citizen; Constitution; Democracy; Government; Law; Monarchy; Oligarchy,OYC PLSC 114 — Aristotle/polis lectures; then Harvard Justice for the modern moral-political pressure points.,Gregory B. Sadler — use/search: “Aristotle Politics text lecture”,Bryan Magee — Aristotle episode; compare Aristotle’s teleology with modern rights and utility.,Watch for Aristocracy; Citizen; Constitution; Democracy: Aristotle begins from practices and asks what form of life lets a thing become itself.,OYC_POLPHIL; HARVARD_JUSTICE; SADLER; MAGEE,Open Yale PLSC 114 — Introduction to Political Philosophy; Harvard Justice — Michael Sandel course videos; Gregory B. Sadler — philosophy text lectures and core concepts; Bryan Magee — Great Philosophers / Men of Ideas interviews,https://oyc.yale.edu/political-science/plsc-114; https://justiceharvard.org/; https://www.youtube.com/@GregoryBSadler; https://www.openculture.com/2012/05/bryan_magees_in-depth_uncut_tv_conversations_with_famous_philosophers_1978-87.html,Aristocracy; Citizen; Constitution; Democracy; Government; Law; Monarchy; Oligarchy,Core (1952),
Not Started,219,9,4,New Testament,Gospel of John,Focus: opening (question/terms); one central argument or turning point; a representative example/scene; closing resolution (Read whole; then re-read these anchors),God; Duty; Justice; Law; Life and Death; Love; Religion; Sin,BibleProject — overview video for Gospel of John; then OYC New Testament lecture on historical context.,Open Yale RLST 152 — use/search: “Gospel of John New Testament lecture”,"PBS Battle for the Bible — connect apostolic text to canon, translation, church authority, and reform.","Watch for God; Duty; Justice; Law: the text’s influence comes from how theology, community, history, and interpretation lock together.",BIBLEPROJECT; OYC_NT; PBS_BATTLE_BIBLE,BibleProject — Bible book overview videos; Open Yale RLST 152 — Introduction to New Testament History and Literature; PBS Secrets of the Dead — Battle for the Bible,https://bibleproject.com/videos/collections/; https://oyc.yale.edu/religious-studies/rlst-152; https://www.pbs.org/wnet/secrets/battle-for-the-bible-about-the-episode/7154/,God; Religion; Sin; Duty; Justice; Law; Life and Death; Love,Core (1952),
Not Started,220,9,5,New Testament,Epistle to the Romans,Focus: opening (question/terms); one central argument or turning point; a representative example/scene; closing resolution (Read whole; then re-read these anchors),God; Duty; Justice; Law; Life and Death; Love; Religion; Sin,BibleProject — overview video for Epistle to the Romans; then OYC New Testament lecture on historical context.,Open Yale RLST 152 — use/search: “Epistle to the Romans New Testament lecture”,"PBS Battle for the Bible — connect apostolic text to canon, translation, church authority, and reform.","Watch for God; Duty; Justice; Law: the text’s influence comes from how theology, community, history, and interpretation lock together.",BIBLEPROJECT; OYC_NT; PBS_BATTLE_BIBLE,BibleProject — Bible book overview videos; Open Yale RLST 152 — Introduction to New Testament History and Literature; PBS Secrets of the Dead — Battle for the Bible,https://bibleproject.com/videos/collections/; https://oyc.yale.edu/religious-studies/rlst-152; https://www.pbs.org/wnet/secrets/battle-for-the-bible-about-the-episode/7154/,God; Religion; Sin; Duty; Justice; Law; Life and Death; Love,Core (1952),
Not Started,221,9,6,New Testament,First Epistle to the Corinthians,Focus: opening (question/terms); one central argument or turning point; a representative example/scene; closing resolution (Read whole; then re-read these anchors),God; Duty; Justice; Law; Life and Death; Love; Religion; Sin,BibleProject — overview video for First Epistle to the Corinthians; then OYC New Testament lecture on historical context.,Open Yale RLST 152 — use/search: “First Epistle to the Corinthians New Testament lecture”,"PBS Battle for the Bible — connect apostolic text to canon, translation, church authority, and reform.","Watch for God; Duty; Justice; Law: the text’s influence comes from how theology, community, history, and interpretation lock together.",BIBLEPROJECT; OYC_NT; PBS_BATTLE_BIBLE,BibleProject — Bible book overview videos; Open Yale RLST 152 — Introduction to New Testament History and Literature; PBS Secrets of the Dead — Battle for the Bible,https://bibleproject.com/videos/collections/; https://oyc.yale.edu/religious-studies/rlst-152; https://www.pbs.org/wnet/secrets/battle-for-the-bible-about-the-episode/7154/,God; Religion; Sin; Duty; Justice; Law; Life and Death; Love,Core (1952),
Not Started,222,9,7,St. Augustine,The City of God,"Book V, XIX",God; Government; History; Justice; Law; Religion; Theology; State,BBC Civilisation — late antique/Christian transition context; then OYC New Testament background if needed.,Gregory B. Sadler — use/search: “St. Augustine The City of God lecture”,Bryan Magee or a late-antique Christianity lecture; ask how inwardness becomes philosophical evidence.,"Watch for God; Government; History; Justice: Christian thought absorbs classical philosophy by relocating the drama inside memory, will, sin, grace, and time.",BBC_CIVILISATION; OYC_NT; SADLER; MAGEE,Kenneth Clark — Civilisation; Open Yale RLST 152 — Introduction to New Testament History and Literature; Gregory B. Sadler — philosophy text lectures and core concepts; Bryan Magee — Great Philosophers / Men of Ideas interviews,https://www.bbcselect.com/watch/civilisation/; https://oyc.yale.edu/religious-studies/rlst-152; https://www.youtube.com/@GregoryBSadler; https://www.openculture.com/2012/05/bryan_magees_in-depth_uncut_tv_conversations_with_famous_philosophers_1978-87.html,God; Religion; Theology; Government; History; Justice; Law; State,Core (1952),
Not Started,223,9,8,St. Thomas Aquinas,Summa Theologica,"Part II-II, QQ 1-7",God; Justice; Law; Reasoning; Soul; Theology; Truth; Virtue and Vice,BBC Civilisation — medieval world; then Dante in Translation for the theological-cosmic imagination Aquinas inhabits.,Gregory B. Sadler — use/search: “St. Thomas Aquinas Summa Theologica lecture”,"Bryan Magee / medieval philosophy episode; map reason, revelation, law, soul, and being.",Watch for God; Justice; Law; Reasoning: the medieval move is not anti-reason; it is reason asking where its authority comes from.,BBC_CIVILISATION; SADLER; MAGEE; OYC_DANTE,Kenneth Clark — Civilisation; Gregory B. Sadler — philosophy text lectures and core concepts; Bryan Magee — Great Philosophers / Men of Ideas interviews; Open Yale ITAL 310 — Dante in Translation,https://www.bbcselect.com/watch/civilisation/; https://www.youtube.com/@GregoryBSadler; https://www.openculture.com/2012/05/bryan_magees_in-depth_uncut_tv_conversations_with_famous_philosophers_1978-87.html; https://oyc.yale.edu/italian-language-and-literature/ital-310,Reasoning; God; Justice; Law; Soul; Theology; Truth; Virtue and Vice,Core (1952),
Not Started,224,9,9,Gilbert,On the Loadstone,Focus: opening (question/terms); one central argument or turning point; a representative example/scene; closing resolution (Read whole; then re-read these anchors),God; Religion; Sin; Truth,MIT STS.002 — scientific revolution / natural philosophy context; then BBC Story of Science for the long arc of method and proof.,Lecture cue — use/search: “Gilbert On the Loadstone science history lecture”,"Use OYC Astrophysics, MIT Mechanics, or NOVA as appropriate to see the modern consequence of the model.","Watch for God; Religion; Sin; Truth: science here changes what counts as explanation: model, measurement, experiment, law, and reality.",MIT_STS; BBC_STORY_SCI; OYC_ASTRO,"MIT OCW STS.002 — Toward the Scientific Revolution; BBC — The Story of Science: Power, Proof and Passion; Open Yale ASTR 160 — Frontiers and Controversies in Astrophysics",https://ocw.mit.edu/courses/sts-002-toward-the-scientific-revolution-fall-2003/; https://www.bbc.co.uk/programmes/b00s8gcf; https://oyc.yale.edu/astronomy/astr-160,God; Religion; Sin; Truth,Core (1952),
Not Started,225,9,10,Descartes,Rules for the Direction of the Mind,Focus: method; simple natures; order; math model of knowledge (Read whole; then re-read these anchors),Knowledge; Idea; Logic; Art; Reasoning; Mind; Truth; Metaphysics,"Bryan Magee — watch the matching philosopher/tradition episode first, or OYC Theory for the interpretive frame.",Gregory B. Sadler — use/search: “Descartes Rules for the Direction of the Mind lecture”,"Return to Magee/OYC Theory; locate the break: certainty, substance, freedom, history, language, being, or value.",Watch for Knowledge; Idea; Logic; Art: modern philosophy often begins when inherited certainty becomes a problem rather than a possession.,MIT_STS; MAGEE; SADLER; OYC_THEORY; BBC_STORY_SCI,"MIT OCW STS.002 — Toward the Scientific Revolution; Bryan Magee — Great Philosophers / Men of Ideas interviews; Gregory B. Sadler — philosophy text lectures and core concepts; Open Yale ENGL 300 — Introduction to Theory of Literature; BBC — The Story of Science: Power, Proof and Passion",https://ocw.mit.edu/courses/sts-002-toward-the-scientific-revolution-fall-2003/; https://www.openculture.com/2012/05/bryan_magees_in-depth_uncut_tv_conversations_with_famous_philosophers_1978-87.html; https://www.youtube.com/@GregoryBSadler; https://oyc.yale.edu/english/engl-300; https://www.bbc.co.uk/programmes/b00s8gcf,Knowledge; Reasoning; Mind; Truth; Idea; Logic; Metaphysics; Art,Core (1952),
Not Started,226,9,11,Descartes,Geometry,Focus: analytic geometry move; problems as equations; method example sections (Read whole; then re-read these anchors),Idea; Knowledge; Logic; Art; Metaphysics; Mind; Reasoning; Truth,"Bryan Magee — watch the matching philosopher/tradition episode first, or OYC Theory for the interpretive frame.",Gregory B. Sadler — use/search: “Descartes Geometry lecture”,"Return to Magee/OYC Theory; locate the break: certainty, substance, freedom, history, language, being, or value.",Watch for Idea; Knowledge; Logic; Art: modern philosophy often begins when inherited certainty becomes a problem rather than a possession.,MIT_STS; MAGEE; SADLER; OYC_THEORY; BBC_STORY_SCI,"MIT OCW STS.002 — Toward the Scientific Revolution; Bryan Magee — Great Philosophers / Men of Ideas interviews; Gregory B. Sadler — philosophy text lectures and core concepts; Open Yale ENGL 300 — Introduction to Theory of Literature; BBC — The Story of Science: Power, Proof and Passion",https://ocw.mit.edu/courses/sts-002-toward-the-scientific-revolution-fall-2003/; https://www.openculture.com/2012/05/bryan_magees_in-depth_uncut_tv_conversations_with_famous_philosophers_1978-87.html; https://www.youtube.com/@GregoryBSadler; https://oyc.yale.edu/english/engl-300; https://www.bbc.co.uk/programmes/b00s8gcf,Idea; Knowledge; Logic; Metaphysics; Mind; Reasoning; Truth; Art,Core (1952),
Not Started,227,9,12,Pascal,The Great Experiment Concerning the Equilibrium of Fluids,Focus: opening (question/terms); one central argument or turning point; a representative example/scene; closing resolution (Read whole; then re-read these anchors),God; Chance; Infinity; Religion; Reasoning; Theology; Truth; Will,BBC Story of Maths or 3Blue1Brown — probability/geometry background; then MIT STS for early modern method.,Lecture cue — use/search: “Pascal The Great Experiment Concerning the Equilibrium of Fluids mathematics science lecture”,"BBC Story of Science — connect proof, experiment, probability, faith, and wager.",Watch for God; Chance; Infinity; Religion: Pascal lives at the hinge where mathematical clarity intensifies existential uncertainty.,STORY_MATHS; THREEB1B; MIT_STS; BBC_STORY_SCI,"BBC — The Story of Maths; 3Blue1Brown; MIT OCW STS.002 — Toward the Scientific Revolution; BBC — The Story of Science: Power, Proof and Passion",https://www.bbc.co.uk/programmes/b00dxjls; https://www.3blue1brown.com/; https://ocw.mit.edu/courses/sts-002-toward-the-scientific-revolution-fall-2003/; https://www.bbc.co.uk/programmes/b00s8gcf,God; Religion; Chance; Infinity; Reasoning; Theology; Truth; Will,Core (1952),
Not Started,228,9,13,Pascal,On Geometrical Demonstration,Focus: opening (question/terms); one central argument or turning point; a representative example/scene; closing resolution (Read whole; then re-read these anchors),God; Chance; Infinity; Religion; Reasoning; Theology; Truth; Will,BBC Story of Maths or 3Blue1Brown — probability/geometry background; then MIT STS for early modern method.,Lecture cue — use/search: “Pascal On Geometrical Demonstration mathematics science lecture”,"BBC Story of Science — connect proof, experiment, probability, faith, and wager.",Watch for God; Chance; Infinity; Religion: Pascal lives at the hinge where mathematical clarity intensifies existential uncertainty.,STORY_MATHS; THREEB1B; MIT_STS; BBC_STORY_SCI,"BBC — The Story of Maths; 3Blue1Brown; MIT OCW STS.002 — Toward the Scientific Revolution; BBC — The Story of Science: Power, Proof and Passion",https://www.bbc.co.uk/programmes/b00dxjls; https://www.3blue1brown.com/; https://ocw.mit.edu/courses/sts-002-toward-the-scientific-revolution-fall-2003/; https://www.bbc.co.uk/programmes/b00s8gcf,God; Religion; Chance; Infinity; Reasoning; Theology; Truth; Will,Core (1952),
Not Started,229,9,14,Faraday,Experimental Researches in Electricity,Series I-II,Knowledge; Justice; Truth; Reasoning,MIT STS.002 — scientific revolution / natural philosophy context; then BBC Story of Science for the long arc of method and proof.,Lecture cue — use/search: “Faraday Experimental Researches in Electricity science history lecture”,"Use OYC Astrophysics, MIT Mechanics, or NOVA as appropriate to see the modern consequence of the model.","Watch for Knowledge; Justice; Truth; Reasoning: science here changes what counts as explanation: model, measurement, experiment, law, and reality.",MIT_STS; BBC_STORY_SCI; OYC_ASTRO,"MIT OCW STS.002 — Toward the Scientific Revolution; BBC — The Story of Science: Power, Proof and Passion; Open Yale ASTR 160 — Frontiers and Controversies in Astrophysics",https://ocw.mit.edu/courses/sts-002-toward-the-scientific-revolution-fall-2003/; https://www.bbc.co.uk/programmes/b00s8gcf; https://oyc.yale.edu/astronomy/astr-160,Truth; Knowledge; Reasoning; Justice,Core (1952),
Not Started,230,9,15,Faraday,A Speculation Touching Electric Conduction and the Nature of Matter,Focus: opening (question/terms); one central argument or turning point; a representative example/scene; closing resolution (Read whole; then re-read these anchors),God; Nature; Physics; Religion; Science; Sin,MIT STS.002 — scientific revolution / natural philosophy context; then BBC Story of Science for the long arc of method and proof.,Lecture cue — use/search: “Faraday A Speculation Touching Electric Conduction and the Nature of Matter science history lecture”,"Use OYC Astrophysics, MIT Mechanics, or NOVA as appropriate to see the modern consequence of the model.","Watch for God; Nature; Physics; Religion: science here changes what counts as explanation: model, measurement, experiment, law, and reality.",MIT_STS; BBC_STORY_SCI; OYC_ASTRO,"MIT OCW STS.002 — Toward the Scientific Revolution; BBC — The Story of Science: Power, Proof and Passion; Open Yale ASTR 160 — Frontiers and Controversies in Astrophysics",https://ocw.mit.edu/courses/sts-002-toward-the-scientific-revolution-fall-2003/; https://www.bbc.co.uk/programmes/b00s8gcf; https://oyc.yale.edu/astronomy/astr-160,God; Nature; Physics; Religion; Science; Sin,Expansion (1990),
Not Started,231,9,16,Hegel,Philosophy of Right,Part III,Art; Beauty; Form; Knowledge; Philosophy; Truth,"Bryan Magee — watch the matching philosopher/tradition episode first, or OYC Theory for the interpretive frame.",Gregory B. Sadler — use/search: “Hegel Philosophy of Right lecture”,"Return to Magee/OYC Theory; locate the break: certainty, substance, freedom, history, language, being, or value.",Watch for Art; Beauty; Form; Knowledge: modern philosophy often begins when inherited certainty becomes a problem rather than a possession.,OYC_POLPHIL; MAGEE; SADLER; OYC_THEORY; HARVARD_JUSTICE,Open Yale PLSC 114 — Introduction to Political Philosophy; Bryan Magee — Great Philosophers / Men of Ideas interviews; Gregory B. Sadler — philosophy text lectures and core concepts; Open Yale ENGL 300 — Introduction to Theory of Literature; Harvard Justice — Michael Sandel course videos,https://oyc.yale.edu/political-science/plsc-114; https://www.openculture.com/2012/05/bryan_magees_in-depth_uncut_tv_conversations_with_famous_philosophers_1978-87.html; https://www.youtube.com/@GregoryBSadler; https://oyc.yale.edu/english/engl-300; https://justiceharvard.org/,Art; Beauty; Form; Knowledge; Philosophy; Truth,Core (1952),
Not Started,232,9,17,Marx,Capital,Part III-IV,Government; Justice; Labor; Progress; Revolution; State; Wealth; Slavery,OYC Foundations of Modern Social Theory — matching author/context lectures; then Crash Course Economics for the vocabulary.,Lecture cue — use/search: “Marx Capital lecture”,"OYC Financial Markets or Game Theory — connect labor, wealth, exchange, institutions, conflict, and modern capitalism.","Watch for Government; Justice; Labor; Progress: economic texts become philosophical when wealth, labor, power, and human motives are treated as one system.",OYC_SOCIAL; CRASH_ECON; OYC_FINANCE; OYC_GAME,Open Yale SOCY 151 — Foundations of Modern Social Theory; Crash Course Economics; Open Yale ECON 252 — Financial Markets; Open Yale ECON 159 — Game Theory,https://oyc.yale.edu/sociology/socy-151; https://thecrashcourse.com/topic/economics/; https://oyc.yale.edu/economics/econ-252; https://oyc.yale.edu/economics/econ-159,Government; Justice; Labor; Progress; Revolution; State; Wealth; Slavery,Core (1952),
Not Started,233,9,18,Freud,Civilization and Its Discontents,Focus: opening (question/terms); one central argument or turning point; a representative example/scene; closing resolution (Read whole; then re-read these anchors),Desire; Happiness; Law; Emotion; Religion; Sin; Mind; Pleasure and Pain,PBS Young Dr. Freud; then OYC Psychology lecture on Freud/psychoanalysis.,Open Yale / lecture cue — use/search: “Freud Civilization and Its Discontents lecture”,"OYC Theory of Literature — Freud unit; connect unconscious, civilization, desire, repression, symbol, and interpretation.","Watch for Desire; Happiness; Law; Emotion: Freud turns the self into a text with censorship, conflict, and hidden authorship.",PBS_YOUNG_FREUD; OYC_PSYCH; OYC_THEORY,PBS — Young Dr. Freud; Open Yale PSYC 110 — Introduction to Psychology; Open Yale ENGL 300 — Introduction to Theory of Literature,https://www.pbs.org/youngdrfreud/; https://oyc.yale.edu/introduction-psychology/psyc-110; https://oyc.yale.edu/english/engl-300,Religion; Sin; Desire; Happiness; Law; Mind; Pleasure and Pain; Emotion,Core (1952),
Not Started,234,9,19,Apollonius,On Conic Sections,"Book I, Prop. 1-15; Book III, Prop. 42-55",Knowledge; Justice; Truth; Reasoning,BBC Story of Maths — relevant ancient/geometry episode; then 3Blue1Brown or Numberphile for visual intuition.,Math lecture cue — use/search: “Apollonius On Conic Sections explanation”,"MIT STS.002 — connect proof and mathematical form to astronomy, mechanics, and natural philosophy.",Watch for Knowledge; Justice; Truth; Reasoning: mathematics gives the conversation a different kind of necessity: demonstration rather than persuasion.,STORY_MATHS; THREEB1B; NUMBERPHILE; MIT_STS,BBC — The Story of Maths; 3Blue1Brown; Numberphile; MIT OCW STS.002 — Toward the Scientific Revolution,https://www.bbc.co.uk/programmes/b00dxjls; https://www.3blue1brown.com/; https://www.numberphile.com/; https://ocw.mit.edu/courses/sts-002-toward-the-scientific-revolution-fall-2003/,Truth; Knowledge; Reasoning; Justice,Core (1952),
Not Started,235,9,20,Fielding,Tom Jones,Focus: opening (question/terms); one central argument or turning point; a representative example/scene; closing resolution (Read whole; then re-read these anchors),God; Religion; Sin; Truth,Crash Course Literature — use the author/work video when available; otherwise use the genre/period video.,Lecture cue — use/search: “Fielding Tom Jones lecture”,"Open Yale Theory of Literature or European Civilization — connect form, society, class, consciousness, and modernity.","Watch for God; Religion; Sin; Truth: the modern novel often makes consciousness, society, and narration itself part of the argument.",CRASH_LIT; OYC_THEORY; OYC_EUROCIV,"Crash Course Literature; Open Yale ENGL 300 — Introduction to Theory of Literature; Open Yale HIST 202 — European Civilization, 1648–1945",https://thecrashcourse.com/topic/literature/; https://oyc.yale.edu/english/engl-300; https://oyc.yale.edu/history/hist-202,God; Religion; Sin; Truth,Core (1952),
Not Started,236,9,21,Fourier,Analytical Theory of Heat,Preliminary Discourse; Ch. 1-2,Knowledge; Justice; Truth; Reasoning,MIT STS.002 — scientific revolution / natural philosophy context; then BBC Story of Science for the long arc of method and proof.,Lecture cue — use/search: “Fourier Analytical Theory of Heat science history lecture”,"Use OYC Astrophysics, MIT Mechanics, or NOVA as appropriate to see the modern consequence of the model.","Watch for Knowledge; Justice; Truth; Reasoning: science here changes what counts as explanation: model, measurement, experiment, law, and reality.",MIT_STS; BBC_STORY_SCI; OYC_ASTRO,"MIT OCW STS.002 — Toward the Scientific Revolution; BBC — The Story of Science: Power, Proof and Passion; Open Yale ASTR 160 — Frontiers and Controversies in Astrophysics",https://ocw.mit.edu/courses/sts-002-toward-the-scientific-revolution-fall-2003/; https://www.bbc.co.uk/programmes/b00s8gcf; https://oyc.yale.edu/astronomy/astr-160,Truth; Knowledge; Reasoning; Justice,Core (1952),
Not Started,237,9,22,Molière,Tartuffe,Focus: hypocrisy mechanics; persuasion; exposure; social trust (Read whole; then re-read these anchors),Art; Beauty; Form; Hypothesis; Science; Physics; Mechanics,"Crash Course Theater and Drama — watch the period/genre episode: neoclassicism, realism, modern drama, epic theatre, or absurdism.",Stage production cue — use/search: “Molière Tartuffe full play performance or reputable stage excerpts”,Watch a production/interview on National Theatre at Home or Digital Theatre if available; compare text to performed timing.,"Watch for Art; Beauty; Form; Hypothesis: drama lets ideas happen between bodies, pauses, entrances, exits, costumes, and public judgment.",CRASH_THEATER; NT_AT_HOME; DIGITAL_THEATRE,Crash Course Theater and Drama; National Theatre at Home; Digital Theatre,https://thecrashcourse.com/topic/theaterdrama/; https://www.ntathome.com/; https://www.digitaltheatre.com/,Science; Physics; Art; Beauty; Form; Mechanics; Hypothesis,Expansion (1990),
Not Started,238,9,23,Austen,Emma,Focus: self-deception; social perception; moral education arc; ending (Read whole; then re-read these anchors),Education; Experience; Knowledge; Truth,Crash Course Literature — use the author/work video when available; otherwise use the genre/period video.,Lecture cue — use/search: “Austen Emma lecture”,"Open Yale Theory of Literature or European Civilization — connect form, society, class, consciousness, and modernity.","Watch for Education; Experience; Knowledge; Truth: the modern novel often makes consciousness, society, and narration itself part of the argument.",CRASH_LIT; OYC_THEORY; OYC_EUROCIV,"Crash Course Literature; Open Yale ENGL 300 — Introduction to Theory of Literature; Open Yale HIST 202 — European Civilization, 1648–1945",https://thecrashcourse.com/topic/literature/; https://oyc.yale.edu/english/engl-300; https://oyc.yale.edu/history/hist-202,Education; Experience; Knowledge; Truth,Expansion (1990),
Not Started,239,9,24,Planck,Scientific Autobiography,Focus: discovery narrative; quantum origins; method and worldview (Read whole; then re-read these anchors),Knowledge; Justice; Truth; Reasoning,MIT STS.002 — scientific revolution / natural philosophy context; then BBC Story of Science for the long arc of method and proof.,Lecture cue — use/search: “Planck Scientific Autobiography science history lecture”,"Use OYC Astrophysics, MIT Mechanics, or NOVA as appropriate to see the modern consequence of the model.","Watch for Knowledge; Justice; Truth; Reasoning: science here changes what counts as explanation: model, measurement, experiment, law, and reality.",MIT_STS; BBC_STORY_SCI; OYC_ASTRO; PBS_NOVA_EINSTEIN,"MIT OCW STS.002 — Toward the Scientific Revolution; BBC — The Story of Science: Power, Proof and Passion; Open Yale ASTR 160 — Frontiers and Controversies in Astrophysics; NOVA — Inside Einstein's Mind",https://ocw.mit.edu/courses/sts-002-toward-the-scientific-revolution-fall-2003/; https://www.bbc.co.uk/programmes/b00s8gcf; https://oyc.yale.edu/astronomy/astr-160; https://www.pbs.org/video/nova-inside-einsteins-mind/,Truth; Knowledge; Reasoning; Justice,Expansion (1990),
Not Started,240,9,25,Veblen,The Theory of the Leisure Class,Focus: conspicuous consumption; status signaling; institutions critique (Read whole; then re-read these anchors),Custom and Convention; Government; Labor; Progress; Wealth,OYC Foundations of Modern Social Theory — matching author/context lectures; then Crash Course Economics for the vocabulary.,Lecture cue — use/search: “Veblen The Theory of the Leisure Class lecture”,"OYC Financial Markets or Game Theory — connect labor, wealth, exchange, institutions, conflict, and modern capitalism.","Watch for Custom and Convention; Government; Labor; Progress: economic texts become philosophical when wealth, labor, power, and human motives are treated as one system.",OYC_SOCIAL; CRASH_ECON; OYC_FINANCE; OYC_GAME,Open Yale SOCY 151 — Foundations of Modern Social Theory; Crash Course Economics; Open Yale ECON 252 — Financial Markets; Open Yale ECON 159 — Game Theory,https://oyc.yale.edu/sociology/socy-151; https://thecrashcourse.com/topic/economics/; https://oyc.yale.edu/economics/econ-252; https://oyc.yale.edu/economics/econ-159,Custom and Convention; Government; Labor; Progress; Wealth,Expansion (1990),
Not Started,241,9,26,Joyce,A Portrait of the Artist as a Young Man,Focus: epiphanies; artist formation; language & identity; ending (Read whole; then re-read these anchors),Form; Art; Beauty; Being; Language; Metaphysics; Rhetoric; Sign and Symbol,Crash Course Literature — use the author/work video when available; otherwise use the genre/period video.,Lecture cue — use/search: “Joyce A Portrait of the Artist as a Young Man lecture”,"Open Yale Theory of Literature or European Civilization — connect form, society, class, consciousness, and modernity.","Watch for Form; Art; Beauty; Being: the modern novel often makes consciousness, society, and narration itself part of the argument.",OYC_MODERNPOETRY; CRASH_LIT; OYC_THEORY; OYC_EUROCIV,"Open Yale ENGL 310 — Modern Poetry; Crash Course Literature; Open Yale ENGL 300 — Introduction to Theory of Literature; Open Yale HIST 202 — European Civilization, 1648–1945",https://oyc.yale.edu/english/engl-310; https://thecrashcourse.com/topic/literature/; https://oyc.yale.edu/english/engl-300; https://oyc.yale.edu/history/hist-202,Form; Art; Beauty; Being; Language; Metaphysics; Rhetoric; Sign and Symbol,Expansion (1990),
Not Started,242,9,27,Hemingway,The Short Happy Life of Francis Macomber,Focus: fear/courage reversal; power triangle; ambiguity at end (Read whole; then re-read these anchors),Courage; Honor; War and Peace; Truth,Crash Course Literature — use the author/work video when available; otherwise use the genre/period video.,Lecture cue — use/search: “Hemingway The Short Happy Life of Francis Macomber lecture”,"Open Yale Theory of Literature or European Civilization — connect form, society, class, consciousness, and modernity.","Watch for Courage; Honor; War and Peace; Truth: the modern novel often makes consciousness, society, and narration itself part of the argument.",OYC_AMST; CRASH_LIT; OYC_THEORY; OYC_EUROCIV,"Open Yale AMST 246 — Hemingway, Fitzgerald, Faulkner; Crash Course Literature; Open Yale ENGL 300 — Introduction to Theory of Literature; Open Yale HIST 202 — European Civilization, 1648–1945",https://oyc.yale.edu/american-studies/amst-246; https://thecrashcourse.com/topic/literature/; https://oyc.yale.edu/english/engl-300; https://oyc.yale.edu/history/hist-202,Courage; Honor; War and Peace; Truth,Expansion (1990),
Not Started,243,9,28,Balzac,Cousin Bette,Focus: opening setup; mid-novel revenge mechanics; final reckoning,God; Hypothesis; Science; Physics; Mechanics; Religion; Sin,Crash Course Literature — use the author/work video when available; otherwise use the genre/period video.,Lecture cue — use/search: “Balzac Cousin Bette lecture”,"Open Yale Theory of Literature or European Civilization — connect form, society, class, consciousness, and modernity.","Watch for God; Hypothesis; Science; Physics: the modern novel often makes consciousness, society, and narration itself part of the argument.",CRASH_LIT; OYC_THEORY; OYC_EUROCIV,"Crash Course Literature; Open Yale ENGL 300 — Introduction to Theory of Literature; Open Yale HIST 202 — European Civilization, 1648–1945",https://thecrashcourse.com/topic/literature/; https://oyc.yale.edu/english/engl-300; https://oyc.yale.edu/history/hist-202,Science; Physics; God; Mechanics; Religion; Sin; Hypothesis,Expansion (1990),19th-c social novel near Austen/Fielding
Not Started,244,9,29,Tawney,The Acquisitive Society,"Focus: core chapters on property, function, and social purpose",Government; Justice; Labor; Law; Virtue and Vice; Wealth,OYC Foundations of Modern Social Theory — matching author/context lectures; then Crash Course Economics for the vocabulary.,Lecture cue — use/search: “Tawney The Acquisitive Society lecture”,"OYC Financial Markets or Game Theory — connect labor, wealth, exchange, institutions, conflict, and modern capitalism.","Watch for Government; Justice; Labor; Law: economic texts become philosophical when wealth, labor, power, and human motives are treated as one system.",OYC_SOCIAL; CRASH_ECON; OYC_FINANCE; OYC_GAME,Open Yale SOCY 151 — Foundations of Modern Social Theory; Crash Course Economics; Open Yale ECON 252 — Financial Markets; Open Yale ECON 159 — Game Theory,https://oyc.yale.edu/sociology/socy-151; https://thecrashcourse.com/topic/economics/; https://oyc.yale.edu/economics/econ-252; https://oyc.yale.edu/economics/econ-159,Government; Justice; Labor; Law; Virtue and Vice; Wealth,Expansion (1990),Political economy near Veblen/Marx
Not Started,245,9,30,Keynes,"The General Theory of Employment, Interest, and Money",Book I; Book III (effective demand); Book IV (investment); Book V (money/interest),Government; Labor; Chance; Wealth; Progress; Prudence,OYC Foundations of Modern Social Theory — matching author/context lectures; then Crash Course Economics for the vocabulary.,"Lecture cue — use/search: “Keynes The General Theory of Employment, Interest, and Money lecture”","OYC Financial Markets or Game Theory — connect labor, wealth, exchange, institutions, conflict, and modern capitalism.","Watch for Government; Labor; Chance; Wealth: economic texts become philosophical when wealth, labor, power, and human motives are treated as one system.",OYC_SOCIAL; CRASH_ECON; OYC_FINANCE; OYC_GAME,Open Yale SOCY 151 — Foundations of Modern Social Theory; Crash Course Economics; Open Yale ECON 252 — Financial Markets; Open Yale ECON 159 — Game Theory,https://oyc.yale.edu/sociology/socy-151; https://thecrashcourse.com/topic/economics/; https://oyc.yale.edu/economics/econ-252; https://oyc.yale.edu/economics/econ-159,Government; Labor; Wealth; Chance; Progress; Prudence,Expansion (1990),Macro foundations near modern social theory
Not Started,246,10,1,Sophocles,Ajax,Focus: opening (question/terms); one central argument or turning point; a representative example/scene; closing resolution (Read whole; then re-read these anchors),Courage; Fate; Good and Evil; Justice; Law; Life and Death; God; Punishment,"PBS Empires — The Greeks; then National Theatre — Greek Theatre Video Collection on tragedy, chorus, masks, and performance space.",Reading Greek Tragedy Online / National Theatre — use/search: “Sophocles Ajax performance or staging discussion”,"Crash Course Theater and Drama — Greek tragedy episodes; connect stage conflict to law, family, fate, and civic order.",Watch for Courage; Fate; Good and Evil; Justice: tragedy makes an argument by forcing incompatible goods into the same public space.,PBS_GREEKS; NAT_GREEK; CHS_TRAGEDY; CRASH_THEATER,PBS Empires — The Greeks: Crucible of Civilization; National Theatre — Greek Theatre Video Collection; Reading Greek Tragedy Online — Center for Hellenic Studies / Out of Chaos; Crash Course Theater and Drama,https://www.pbs.org/empires/thegreeks/; https://www.nationaltheatre.org.uk/learn-explore/greek-theatre-video-collection/; https://chs.harvard.edu/programs/reading-greek-tragedy-online/; https://thecrashcourse.com/topic/theaterdrama/,Courage; Fate; Good and Evil; Justice; Law; Life and Death; Punishment; God,Core (1952),
Not Started,247,10,2,Sophocles,Electra,Focus: opening (question/terms); one central argument or turning point; a representative example/scene; closing resolution (Read whole; then re-read these anchors),Courage; Fate; Good and Evil; Justice; Law; Life and Death; God; Punishment,"PBS Empires — The Greeks; then National Theatre — Greek Theatre Video Collection on tragedy, chorus, masks, and performance space.",Reading Greek Tragedy Online / National Theatre — use/search: “Sophocles Electra performance or staging discussion”,"Crash Course Theater and Drama — Greek tragedy episodes; connect stage conflict to law, family, fate, and civic order.",Watch for Courage; Fate; Good and Evil; Justice: tragedy makes an argument by forcing incompatible goods into the same public space.,PBS_GREEKS; NAT_GREEK; CHS_TRAGEDY; CRASH_THEATER,PBS Empires — The Greeks: Crucible of Civilization; National Theatre — Greek Theatre Video Collection; Reading Greek Tragedy Online — Center for Hellenic Studies / Out of Chaos; Crash Course Theater and Drama,https://www.pbs.org/empires/thegreeks/; https://www.nationaltheatre.org.uk/learn-explore/greek-theatre-video-collection/; https://chs.harvard.edu/programs/reading-greek-tragedy-online/; https://thecrashcourse.com/topic/theaterdrama/,Courage; Fate; Good and Evil; Justice; Law; Life and Death; Punishment; God,Core (1952),
Not Started,248,10,3,Plato,Timaeus,Focus: cosmology; receptacle; teleology; math order of nature (Read whole; then re-read these anchors),Cause; Form; Dialectic; Nature; Science; Space; Time; World,"OYC PLSC 114 — watch the opening lectures on Socrates, polis, justice, and philosophy as public danger.",Gregory B. Sadler — use/search: “Plato Timaeus text lecture core concepts”,Bryan Magee — Plato episode; then write the question Plato leaves harder than he found it.,Watch for Cause; Form; Dialectic; Nature: Plato rarely hands you a doctrine first; he stages a soul learning how to ask.,OYC_POLPHIL; SADLER; MAGEE,Open Yale PLSC 114 — Introduction to Political Philosophy; Gregory B. Sadler — philosophy text lectures and core concepts; Bryan Magee — Great Philosophers / Men of Ideas interviews,https://oyc.yale.edu/political-science/plsc-114; https://www.youtube.com/@GregoryBSadler; https://www.openculture.com/2012/05/bryan_magees_in-depth_uncut_tv_conversations_with_famous_philosophers_1978-87.html,Nature; Science; Cause; Form; Space; Time; World; Dialectic,Core (1952),
Not Started,249,10,4,Aristotle,On the Parts of Animals; On the Generation of Animals,"On the Parts: Book I, Ch. 1-Book II, Ch. 1; On Generation: Book I, Ch. 1, 17-18, 20-23",Government; Happiness; Justice; Law; Logic; Nature; Reasoning; Science,MIT STS.002 on ancient natural philosophy; then OYC Evolution/Ecology for the later biological frame.,Gregory B. Sadler — use/search: “Aristotle On the Parts of Animals; On the Generation of Animals lecture”,Compare Aristotle’s living forms with Darwinian descent and modern biological explanation.,"Watch for Government; Happiness; Justice; Law: life is treated as organized power: nutrition, perception, motion, reproduction, and thought.",MIT_STS; OYC_EEB; SADLER; MAGEE,"MIT OCW STS.002 — Toward the Scientific Revolution; Open Yale E&EB 122 — Principles of Evolution, Ecology and Behavior; Gregory B. Sadler — philosophy text lectures and core concepts; Bryan Magee — Great Philosophers / Men of Ideas interviews",https://ocw.mit.edu/courses/sts-002-toward-the-scientific-revolution-fall-2003/; https://oyc.yale.edu/ecology-and-evolutionary-biology/eeb-122; https://www.youtube.com/@GregoryBSadler; https://www.openculture.com/2012/05/bryan_magees_in-depth_uncut_tv_conversations_with_famous_philosophers_1978-87.html,Government; Happiness; Justice; Law; Logic; Nature; Reasoning; Science,Core (1952),
Not Started,250,10,5,Lucretius,On the Nature of Things,Book V-VI,Nature; Physics; Science; Truth,MIT STS.002 — ancient natural philosophy and atomism context; then BBC Story of Science for nature without mythic explanation.,Gregory B. Sadler — use/search: “Lucretius On the Nature of Things lecture Epicurean atomism”,"Bryan Magee / philosophy overview on Epicureanism and materialism; compare pleasure, fear, death, chance, and nature.",Watch for Nature; Physics; Science; Truth: Lucretius tries to cure fear by making nature intelligible without providence.,MIT_STS; BBC_STORY_SCI; SADLER; MAGEE,"MIT OCW STS.002 — Toward the Scientific Revolution; BBC — The Story of Science: Power, Proof and Passion; Gregory B. Sadler — philosophy text lectures and core concepts; Bryan Magee — Great Philosophers / Men of Ideas interviews",https://ocw.mit.edu/courses/sts-002-toward-the-scientific-revolution-fall-2003/; https://www.bbc.co.uk/programmes/b00s8gcf; https://www.youtube.com/@GregoryBSadler; https://www.openculture.com/2012/05/bryan_magees_in-depth_uncut_tv_conversations_with_famous_philosophers_1978-87.html,Nature; Physics; Science; Truth,Core (1952),
Not Started,251,10,6,Virgil,The Eclogues; The Georgics,Focus: opening (question/terms); one central argument or turning point; a representative example/scene; closing resolution (Read whole; then re-read these anchors),God; Religion; Sin; Truth,Crash Course World History — Rome; then OYC Roman Architecture for the imperial imagination behind Augustan order.,Epic/lecture cue — use/search: “Virgil The Eclogues; The Georgics Aeneid Eclogues Georgics overview”,BBC Civilisation — use Rome’s afterlife in medieval and Renaissance culture as the bridge forward.,"Watch for God; Religion; Sin; Truth: Roman poetry asks whether empire can baptize loss, exile, labor, and violence into destiny.",CRASH_WORLD; OYC_ROMANARCH; OSP; BBC_CIVILISATION,"Crash Course World History; Open Yale HSAR 252 — Roman Architecture; Overly Sarcastic Productions — mythology, classics, history, and literature videos; Kenneth Clark — Civilisation",https://www.youtube.com/playlist?list=PLBDA2E52FB1EF80C9; https://oyc.yale.edu/history-of-art/hsar-252; https://www.overlysarcasticproductions.com/projects; https://www.bbcselect.com/watch/civilisation/,God; Religion; Sin; Truth,Core (1952),
Not Started,252,10,7,St. Thomas Aquinas,Summa Theologica,"Part I, QQ 65-74",God; Justice; Law; Reasoning; Soul; Theology; Truth; Virtue and Vice,BBC Civilisation — medieval world; then Dante in Translation for the theological-cosmic imagination Aquinas inhabits.,Gregory B. Sadler — use/search: “St. Thomas Aquinas Summa Theologica lecture”,"Bryan Magee / medieval philosophy episode; map reason, revelation, law, soul, and being.",Watch for God; Justice; Law; Reasoning: the medieval move is not anti-reason; it is reason asking where its authority comes from.,BBC_CIVILISATION; SADLER; MAGEE; OYC_DANTE,Kenneth Clark — Civilisation; Gregory B. Sadler — philosophy text lectures and core concepts; Bryan Magee — Great Philosophers / Men of Ideas interviews; Open Yale ITAL 310 — Dante in Translation,https://www.bbcselect.com/watch/civilisation/; https://www.youtube.com/@GregoryBSadler; https://www.openculture.com/2012/05/bryan_magees_in-depth_uncut_tv_conversations_with_famous_philosophers_1978-87.html; https://oyc.yale.edu/italian-language-and-literature/ital-310,Reasoning; God; Justice; Law; Soul; Theology; Truth; Virtue and Vice,Core (1952),
Not Started,253,10,8,St. Thomas Aquinas,Summa Theologica,"Part I, QQ 90-102",God; Justice; Law; Reasoning; Soul; Theology; Truth; Virtue and Vice,BBC Civilisation — medieval world; then Dante in Translation for the theological-cosmic imagination Aquinas inhabits.,Gregory B. Sadler — use/search: “St. Thomas Aquinas Summa Theologica lecture”,"Bryan Magee / medieval philosophy episode; map reason, revelation, law, soul, and being.",Watch for God; Justice; Law; Reasoning: the medieval move is not anti-reason; it is reason asking where its authority comes from.,BBC_CIVILISATION; SADLER; MAGEE; OYC_DANTE,Kenneth Clark — Civilisation; Gregory B. Sadler — philosophy text lectures and core concepts; Bryan Magee — Great Philosophers / Men of Ideas interviews; Open Yale ITAL 310 — Dante in Translation,https://www.bbcselect.com/watch/civilisation/; https://www.youtube.com/@GregoryBSadler; https://www.openculture.com/2012/05/bryan_magees_in-depth_uncut_tv_conversations_with_famous_philosophers_1978-87.html; https://oyc.yale.edu/italian-language-and-literature/ital-310,Reasoning; God; Justice; Law; Soul; Theology; Truth; Virtue and Vice,Core (1952),
Not Started,254,10,9,Chaucer,Canterbury Tales,Prologue; Knight's Tale; Miller's ...; Reeve's ...; Wife of Bath's ...; Friar's ...; Summoner's ...; Pardoner's ...,Knowledge; Justice; Truth; Reasoning,BBC Civilisation — medieval context; then Crash Course Literature for medieval/early English literary framing.,Lecture/performance cue — use/search: “Chaucer Canterbury Tales overview performance”,Compare Chaucer’s social voices with Dante’s ordered cosmos and later novelistic realism.,"Watch for Knowledge; Justice; Truth; Reasoning: Chaucer turns pilgrimage into a social laboratory of class, speech, sex, money, and moral performance.",BBC_CIVILISATION; CRASH_LIT; CRASH_THEATER,Kenneth Clark — Civilisation; Crash Course Literature; Crash Course Theater and Drama,https://www.bbcselect.com/watch/civilisation/; https://thecrashcourse.com/topic/literature/; https://thecrashcourse.com/topic/theaterdrama/,Truth; Knowledge; Reasoning; Justice,Core (1952),
Not Started,255,10,10,Shakespeare,Richard II,Focus: kingship legitimacy; deposition; language & power (Read whole; then re-read these anchors),Desire; Emotion; Fate; Good and Evil; Justice; Love; Tyranny and Despotism; War and Peace,"RSC Shakespeare Learning Zone — Richard II; watch plot, characters, and key scenes before reading.","Watch a staged production through RSC Watch Online, Globe Player, Digital Theatre, or another reputable production source: Richard II.","Crash Course Literature/Theater — use the genre context: tragedy, comedy, history play, rhetoric, or political theatre.",Watch for Desire; Emotion; Fate; Good and Evil: Shakespeare makes public order and private speech collide inside the same human voice.,RSC_LEARN; RSC_STREAM; GLOBE_PLAYER; CRASH_LIT; CRASH_THEATER,Royal Shakespeare Company — Shakespeare Learning Zone; Royal Shakespeare Company — Watch Online; Shakespeare's Globe Player; Crash Course Literature; Crash Course Theater and Drama,https://www.rsc.org.uk/shakespeare-learning-zone; https://www.rsc.org.uk/watch-online; https://player.shakespearesglobe.com/; https://thecrashcourse.com/topic/literature/; https://thecrashcourse.com/topic/theaterdrama/,Desire; Emotion; Fate; Good and Evil; Justice; Love; Tyranny and Despotism; War and Peace,Core (1952),
Not Started,256,10,11,Shakespeare,Henry IV (Part 1),Focus: honor speech; Hal's transformation; rebellion politics (Read whole; then re-read these anchors),Desire; Emotion; Fate; Form; Good and Evil; Justice; Love; War and Peace,"RSC Shakespeare Learning Zone — Henry IV (Part 1); watch plot, characters, and key scenes before reading.","Watch a staged production through RSC Watch Online, Globe Player, Digital Theatre, or another reputable production source: Henry IV (Part 1).","Crash Course Literature/Theater — use the genre context: tragedy, comedy, history play, rhetoric, or political theatre.",Watch for Desire; Emotion; Fate; Form: Shakespeare makes public order and private speech collide inside the same human voice.,RSC_LEARN; RSC_STREAM; GLOBE_PLAYER; CRASH_LIT; CRASH_THEATER,Royal Shakespeare Company — Shakespeare Learning Zone; Royal Shakespeare Company — Watch Online; Shakespeare's Globe Player; Crash Course Literature; Crash Course Theater and Drama,https://www.rsc.org.uk/shakespeare-learning-zone; https://www.rsc.org.uk/watch-online; https://player.shakespearesglobe.com/; https://thecrashcourse.com/topic/literature/; https://thecrashcourse.com/topic/theaterdrama/,War and Peace; Desire; Emotion; Fate; Form; Good and Evil; Justice; Love,Core (1952),
Not Started,257,10,12,Shakespeare,Henry IV (Part 2),Focus: rule vs friendship; aging; transition to Henry V (Read whole; then re-read these anchors),Desire; Emotion; Fate; Good and Evil; Justice; Love; Tyranny and Despotism; War and Peace,"RSC Shakespeare Learning Zone — Henry IV (Part 2); watch plot, characters, and key scenes before reading.","Watch a staged production through RSC Watch Online, Globe Player, Digital Theatre, or another reputable production source: Henry IV (Part 2).","Crash Course Literature/Theater — use the genre context: tragedy, comedy, history play, rhetoric, or political theatre.",Watch for Desire; Emotion; Fate; Good and Evil: Shakespeare makes public order and private speech collide inside the same human voice.,RSC_LEARN; RSC_STREAM; GLOBE_PLAYER; CRASH_LIT; CRASH_THEATER,Royal Shakespeare Company — Shakespeare Learning Zone; Royal Shakespeare Company — Watch Online; Shakespeare's Globe Player; Crash Course Literature; Crash Course Theater and Drama,https://www.rsc.org.uk/shakespeare-learning-zone; https://www.rsc.org.uk/watch-online; https://player.shakespearesglobe.com/; https://thecrashcourse.com/topic/literature/; https://thecrashcourse.com/topic/theaterdrama/,Desire; Emotion; Fate; Good and Evil; Justice; Love; Tyranny and Despotism; War and Peace,Core (1952),
Not Started,258,10,13,Shakespeare,Henry V,Focus: leadership rhetoric; just war questions; St. Crispin speech; ending (Read whole; then re-read these anchors),Desire; Emotion; Fate; Good and Evil; Justice; Love; War and Peace; Tyranny and Despotism,"RSC Shakespeare Learning Zone — Henry V; watch plot, characters, and key scenes before reading.","Watch a staged production through RSC Watch Online, Globe Player, Digital Theatre, or another reputable production source: Henry V.","Crash Course Literature/Theater — use the genre context: tragedy, comedy, history play, rhetoric, or political theatre.",Watch for Desire; Emotion; Fate; Good and Evil: Shakespeare makes public order and private speech collide inside the same human voice.,RSC_LEARN; RSC_STREAM; GLOBE_PLAYER; CRASH_LIT; CRASH_THEATER,Royal Shakespeare Company — Shakespeare Learning Zone; Royal Shakespeare Company — Watch Online; Shakespeare's Globe Player; Crash Course Literature; Crash Course Theater and Drama,https://www.rsc.org.uk/shakespeare-learning-zone; https://www.rsc.org.uk/watch-online; https://player.shakespearesglobe.com/; https://thecrashcourse.com/topic/literature/; https://thecrashcourse.com/topic/theaterdrama/,War and Peace; Desire; Emotion; Fate; Good and Evil; Justice; Love; Tyranny and Despotism,Core (1952),
Not Started,259,10,14,Harvey,On the Generation of Animals,Introduction-Exercise 62,Knowledge; Justice; Truth; Reasoning,MIT STS.002 — ancient medicine/natural philosophy; then OYC Epidemics for medicine as social knowledge.,Lecture cue — use/search: “Harvey On the Generation of Animals history of medicine lecture”,"BBC Story of Science — compare observation, prognosis, anatomy, circulation, and experimental medicine.","Watch for Knowledge; Justice; Truth; Reasoning: medicine enters the conversation as disciplined attention to bodies, causes, signs, and practice.",MIT_STS; OYC_MEDICINE; BBC_STORY_SCI,"MIT OCW STS.002 — Toward the Scientific Revolution; Open Yale HIST 234 — Epidemics in Western Society Since 1600; BBC — The Story of Science: Power, Proof and Passion",https://ocw.mit.edu/courses/sts-002-toward-the-scientific-revolution-fall-2003/; https://oyc.yale.edu/history/hist-234; https://www.bbc.co.uk/programmes/b00s8gcf,Truth; Knowledge; Reasoning; Justice,Core (1952),
Not Started,260,10,15,Cervantes,Don Quixote,Part II,Art; Beauty; Form; Truth,"OYC Cervantes — first lecture on Don Quixote, romance, narration, and early modern Spain.",Open Yale Cervantes — use/search: “Don Quixote lecture”,Crash Course Literature / BBC Civilisation — connect Quixote to the birth of the modern novel.,"Watch for Art; Beauty; Form; Truth: Cervantes makes reality depend on reading, and makes reading answerable to reality.",OYC_CERVANTES; BBC_CIVILISATION; CRASH_LIT,Open Yale SPAN 300 — Cervantes' Don Quixote; Kenneth Clark — Civilisation; Crash Course Literature,https://oyc.yale.edu/spanish-and-portuguese/span-300; https://www.bbcselect.com/watch/civilisation/; https://thecrashcourse.com/topic/literature/,Art; Beauty; Form; Truth,Core (1952),
Not Started,261,10,16,Kant,Critique of Judgment,Critique of Teleological Judgment,Duty; Judgment; Law; Liberty; Reasoning; Metaphysics; Truth; Will,"Bryan Magee — watch the matching philosopher/tradition episode first, or OYC Theory for the interpretive frame.",Gregory B. Sadler — use/search: “Kant Critique of Judgment lecture”,"Return to Magee/OYC Theory; locate the break: certainty, substance, freedom, history, language, being, or value.",Watch for Duty; Judgment; Law; Liberty: modern philosophy often begins when inherited certainty becomes a problem rather than a possession.,OYC_POLPHIL; MAGEE; SADLER; OYC_THEORY; HARVARD_JUSTICE,Open Yale PLSC 114 — Introduction to Political Philosophy; Bryan Magee — Great Philosophers / Men of Ideas interviews; Gregory B. Sadler — philosophy text lectures and core concepts; Open Yale ENGL 300 — Introduction to Theory of Literature; Harvard Justice — Michael Sandel course videos,https://oyc.yale.edu/political-science/plsc-114; https://www.openculture.com/2012/05/bryan_magees_in-depth_uncut_tv_conversations_with_famous_philosophers_1978-87.html; https://www.youtube.com/@GregoryBSadler; https://oyc.yale.edu/english/engl-300; https://justiceharvard.org/,Reasoning; Duty; Judgment; Law; Liberty; Metaphysics; Truth; Will,Core (1952),
Not Started,262,10,17,Goethe,Faust,Part II,Art; Desire; Good and Evil; Love; Beauty; Form; Truth; Will,OYC European Civilization / BBC Civilisation for German Enlightenment-Romantic context.,Lecture/performance cue — use/search: “Goethe Faust lecture performance”,"Crash Course Theater or literature context; compare striving, knowledge, desire, salvation, and modern subjectivity.",Watch for Art; Desire; Good and Evil; Love: Faust turns modern ambition into a metaphysical bargain.,CRASH_THEATER; OYC_EUROCIV; BBC_CIVILISATION,"Crash Course Theater and Drama; Open Yale HIST 202 — European Civilization, 1648–1945; Kenneth Clark — Civilisation",https://thecrashcourse.com/topic/theaterdrama/; https://oyc.yale.edu/history/hist-202; https://www.bbcselect.com/watch/civilisation/,Art; Desire; Good and Evil; Love; Truth; Will; Beauty; Form,Core (1952),
Not Started,263,10,18,Darwin,The Descent of Man,"Part I; Part III, Ch. 21",Cause; Chance; Evolution; Life and Death; Art; Man; Nature; Science,HHMI Origin of Species: The Making of a Theory; then OYC Evolution/Ecology opening lectures.,Lecture cue — use/search: “Darwin The Descent of Man evolution lecture”,"BBC Story of Science — life/evolution episode; compare teleology, descent, chance, adaptation, and human nature.",Watch for Cause; Chance; Evolution; Life and Death: evolution changes the question of nature from fixed form to historical descent.,HHMI_ORIGIN; OYC_EEB; BBC_STORY_SCI,"HHMI BioInteractive — Origin of Species: The Making of a Theory; Open Yale E&EB 122 — Principles of Evolution, Ecology and Behavior; BBC — The Story of Science: Power, Proof and Passion",https://www.biointeractive.org/classroom-resources/origin-species-making-theory; https://oyc.yale.edu/ecology-and-evolutionary-biology/eeb-122; https://www.bbc.co.uk/programmes/b00s8gcf,Cause; Chance; Evolution; Life and Death; Man; Nature; Science; Art,Core (1952),
Not Started,264,10,19,Marx,Capital,Part VII-VIII,Government; Justice; Labor; Progress; Revolution; State; Wealth; Slavery,OYC Foundations of Modern Social Theory — matching author/context lectures; then Crash Course Economics for the vocabulary.,Lecture cue — use/search: “Marx Capital lecture”,"OYC Financial Markets or Game Theory — connect labor, wealth, exchange, institutions, conflict, and modern capitalism.","Watch for Government; Justice; Labor; Progress: economic texts become philosophical when wealth, labor, power, and human motives are treated as one system.",OYC_SOCIAL; CRASH_ECON; OYC_FINANCE; OYC_GAME,Open Yale SOCY 151 — Foundations of Modern Social Theory; Crash Course Economics; Open Yale ECON 252 — Financial Markets; Open Yale ECON 159 — Game Theory,https://oyc.yale.edu/sociology/socy-151; https://thecrashcourse.com/topic/economics/; https://oyc.yale.edu/economics/econ-252; https://oyc.yale.edu/economics/econ-159,Government; Justice; Labor; Progress; Revolution; State; Wealth; Slavery,Core (1952),
Not Started,265,10,20,James,Principles of Psychology,Ch. I; Ch. V-VII,Emotion; Experience; Knowledge; Memory and Imagination; Mind; Reasoning; Truth; Will,"OYC Psychology — lectures on consciousness, memory, self, and development; then philosophy context for pragmatism.",Lecture cue — use/search: “William James Principles of Psychology psychology pragmatism lecture”,"Bryan Magee / Sadler on pragmatism; connect experience, habit, will, truth, and practical consequences.",Watch for Emotion; Experience; Knowledge; Memory and Imagination: James makes experience primary: consciousness flows before concepts carve it up.,OYC_PSYCH; SADLER; OYC_THEORY; MAGEE,Open Yale PSYC 110 — Introduction to Psychology; Gregory B. Sadler — philosophy text lectures and core concepts; Open Yale ENGL 300 — Introduction to Theory of Literature; Bryan Magee — Great Philosophers / Men of Ideas interviews,https://oyc.yale.edu/introduction-psychology/psyc-110; https://www.youtube.com/@GregoryBSadler; https://oyc.yale.edu/english/engl-300; https://www.openculture.com/2012/05/bryan_magees_in-depth_uncut_tv_conversations_with_famous_philosophers_1978-87.html,Emotion; Experience; Knowledge; Memory and Imagination; Mind; Reasoning; Truth; Will,Core (1952),
Not Started,266,10,21,Freud,A General Introduction to Psycho-analysis,Focus: opening (question/terms); one central argument or turning point; a representative example/scene; closing resolution (Read whole; then re-read these anchors),Desire; Emotion; God; Sin; Memory and Imagination; Mind; Truth; Will,PBS Young Dr. Freud; then OYC Psychology lecture on Freud/psychoanalysis.,Open Yale / lecture cue — use/search: “Freud A General Introduction to Psycho-analysis lecture”,"OYC Theory of Literature — Freud unit; connect unconscious, civilization, desire, repression, symbol, and interpretation.","Watch for Desire; Emotion; God; Sin: Freud turns the self into a text with censorship, conflict, and hidden authorship.",PBS_YOUNG_FREUD; OYC_PSYCH; OYC_THEORY,PBS — Young Dr. Freud; Open Yale PSYC 110 — Introduction to Psychology; Open Yale ENGL 300 — Introduction to Theory of Literature,https://www.pbs.org/youngdrfreud/; https://oyc.yale.edu/introduction-psychology/psyc-110; https://oyc.yale.edu/english/engl-300,Sin; Desire; Emotion; Memory and Imagination; Mind; Truth; Will; God,Core (1952),
Not Started,267,10,22,Boswell,The Life of Samuel Johnson,Focus: opening (question/terms); one central argument or turning point; a representative example/scene; closing resolution (Read whole; then re-read these anchors),God; Religion; Sin; Truth,BBC Civilisation — Enlightenment Britain context; then a short Samuel Johnson/Boswell lecture.,Lecture cue — use/search: “Boswell Life of Samuel Johnson lecture”,"Compare biography to philosophy: how does a life become an argument about judgment, wit, habit, and character?",Watch for God; Religion; Sin; Truth: Boswell makes conversation itself a literary form of moral observation.,BBC_CIVILISATION; CRASH_LIT; OYC_EUROCIV,"Kenneth Clark — Civilisation; Crash Course Literature; Open Yale HIST 202 — European Civilization, 1648–1945",https://www.bbcselect.com/watch/civilisation/; https://thecrashcourse.com/topic/literature/; https://oyc.yale.edu/history/hist-202,God; Religion; Sin; Truth,Core (1952),
Not Started,268,10,23,Erasmus,In Praise of Folly,Focus: satire of learning/piety; self-knowledge; human vanity (Read whole; then re-read these anchors),Knowledge; Justice; Reasoning; Truth,BBC Civilisation — Protest and Communication; then PBS Medici for Renaissance humanism and patronage.,Lecture/documentary cue — use/search: “Erasmus In Praise of Folly Christian humanism satire”,Rick Steves — Luther and the Reformation; PBS Battle for the Bible; watch how reform-from-within becomes Reformation crisis.,"Watch for Knowledge; Justice; Reasoning; Truth: Erasmus is satire plus scholarship: reform the church by reforming reading, education, and moral imagination.",BBC_CIVILISATION; RICK_STEVES_LUTHER; PBS_BATTLE_BIBLE; PBS_MEDICI,Kenneth Clark — Civilisation; Rick Steves — Luther and the Reformation; PBS Secrets of the Dead — Battle for the Bible; PBS Empires — Medici: Godfathers of the Renaissance,https://www.bbcselect.com/watch/civilisation/; https://www.ricksteves.com/watch-read-listen/video/tv-show/tv-specials/luther; https://www.pbs.org/wnet/secrets/battle-for-the-bible-about-the-episode/7154/; https://www.pbs.org/empires/medici/,Knowledge; Reasoning; Truth; Justice,Expansion (1990),
Not Started,269,10,24,Huizinga,The Waning of the Middle Ages,XI-XXIII,Art; Custom and Convention; History; Religion; World,BBC Civilisation — late medieval/Renaissance episodes; then PBS Medici for the humanist and artistic transition.,Lecture/documentary cue — use/search: “Huizinga The Waning of the Middle Ages lecture late Middle Ages”,Rick Steves Luther and Crash Course European History — connect medieval forms to Reformation and modernity.,Watch for Art; Custom and Convention; History; Religion: Huizinga helps you feel the symbolic world out of which Renaissance and Reformation emerge.,BBC_CIVILISATION; PBS_MEDICI; RICK_STEVES_LUTHER; CRASH_EURO,Kenneth Clark — Civilisation; PBS Empires — Medici: Godfathers of the Renaissance; Rick Steves — Luther and the Reformation; Crash Course European History,https://www.bbcselect.com/watch/civilisation/; https://www.pbs.org/empires/medici/; https://www.ricksteves.com/watch-read-listen/video/tv-show/tv-specials/luther; https://www.youtube.com/playlist?list=PL8dPuuaLjXtMsMTfmRomkVQG8AqrAmJFX,Art; Custom and Convention; History; Religion; World,Expansion (1990),
Not Started,270,10,25,Eddington,The Expanding Universe,Focus: evidence for expansion; cosmological models; limits of inference (Read whole; then re-read these anchors),Astronomy; Cause; Hypothesis; Language; Logic; Science; Space; Time,MIT STS.002 — scientific revolution / natural philosophy context; then BBC Story of Science for the long arc of method and proof.,Lecture cue — use/search: “Eddington The Expanding Universe science history lecture”,"Use OYC Astrophysics, MIT Mechanics, or NOVA as appropriate to see the modern consequence of the model.","Watch for Astronomy; Cause; Hypothesis; Language: science here changes what counts as explanation: model, measurement, experiment, law, and reality.",MIT_STS; BBC_STORY_SCI; OYC_ASTRO; PBS_NOVA_EINSTEIN,"MIT OCW STS.002 — Toward the Scientific Revolution; BBC — The Story of Science: Power, Proof and Passion; Open Yale ASTR 160 — Frontiers and Controversies in Astrophysics; NOVA — Inside Einstein's Mind",https://ocw.mit.edu/courses/sts-002-toward-the-scientific-revolution-fall-2003/; https://www.bbc.co.uk/programmes/b00s8gcf; https://oyc.yale.edu/astronomy/astr-160; https://www.pbs.org/video/nova-inside-einsteins-mind/,Astronomy; Cause; Hypothesis; Science; Space; Time; Language; Logic,Expansion (1990),
Not Started,271,10,26,T. S. Eliot,The Waste Land,Focus: fragmentation; myth method; voices; endings & renewal ambiguity (Read whole; then re-read these anchors),Knowledge; Justice; Truth; Reasoning,OYC Modern Poetry — T. S. Eliot lecture; then Crash Course Literature if using a faster overview.,Open Yale Modern Poetry — use/search: “T. S. Eliot The Waste Land lecture”,"OYC Theory — modernism/interpretation; map fragment, tradition, ritual, city, and spiritual exhaustion.","Watch for Knowledge; Justice; Truth; Reasoning: Eliot makes modern consciousness speak in ruins, quotations, rhythms, and broken ritual.",OYC_MODERNPOETRY; OYC_THEORY; CRASH_LIT,Open Yale ENGL 310 — Modern Poetry; Open Yale ENGL 300 — Introduction to Theory of Literature; Crash Course Literature,https://oyc.yale.edu/english/engl-310; https://oyc.yale.edu/english/engl-300; https://thecrashcourse.com/topic/literature/,Truth; Knowledge; Reasoning; Justice,Expansion (1990),
Not Started,272,10,27,Cather,A Lost Lady,Focus: Parts I-II; social change theme; ending,Art; Beauty; Form; Truth,Crash Course Literature — use the author/work video when available; otherwise use the genre/period video.,Lecture cue — use/search: “Cather A Lost Lady lecture”,"Open Yale Theory of Literature or European Civilization — connect form, society, class, consciousness, and modernity.","Watch for Art; Beauty; Form; Truth: the modern novel often makes consciousness, society, and narration itself part of the argument.",CRASH_LIT; OYC_THEORY; OYC_EUROCIV,"Crash Course Literature; Open Yale ENGL 300 — Introduction to Theory of Literature; Open Yale HIST 202 — European Civilization, 1648–1945",https://thecrashcourse.com/topic/literature/; https://oyc.yale.edu/english/engl-300; https://oyc.yale.edu/history/hist-202,Art; Beauty; Form; Truth,Expansion (1990),American modernity
Not Started,273,10,28,Faulkner,A Rose for Emily,(Short story) Focus: narrative structure & final reveal,Knowledge; Justice; Truth; Reasoning,Crash Course Literature — use the author/work video when available; otherwise use the genre/period video.,Lecture cue — use/search: “Faulkner A Rose for Emily lecture”,"Open Yale Theory of Literature or European Civilization — connect form, society, class, consciousness, and modernity.","Watch for Knowledge; Justice; Truth; Reasoning: the modern novel often makes consciousness, society, and narration itself part of the argument.",OYC_AMST; CRASH_LIT; OYC_THEORY; OYC_EUROCIV,"Open Yale AMST 246 — Hemingway, Fitzgerald, Faulkner; Crash Course Literature; Open Yale ENGL 300 — Introduction to Theory of Literature; Open Yale HIST 202 — European Civilization, 1648–1945",https://oyc.yale.edu/american-studies/amst-246; https://thecrashcourse.com/topic/literature/; https://oyc.yale.edu/english/engl-300; https://oyc.yale.edu/history/hist-202,Truth; Knowledge; Reasoning; Justice,Expansion (1990),Modern form & memory
Not Started,274,10,29,Bohr,Atomic Theory and the Description of Nature,Focus: complementarity; measurement; limits of classical concepts,Cause; Hypothesis; Knowledge; Physics; Science; Truth; Nature,MIT STS.002 — scientific revolution / natural philosophy context; then BBC Story of Science for the long arc of method and proof.,Lecture cue — use/search: “Bohr Atomic Theory and the Description of Nature science history lecture”,"Use OYC Astrophysics, MIT Mechanics, or NOVA as appropriate to see the modern consequence of the model.","Watch for Cause; Hypothesis; Knowledge; Physics: science here changes what counts as explanation: model, measurement, experiment, law, and reality.",MIT_STS; BBC_STORY_SCI; OYC_ASTRO; PBS_NOVA_EINSTEIN,"MIT OCW STS.002 — Toward the Scientific Revolution; BBC — The Story of Science: Power, Proof and Passion; Open Yale ASTR 160 — Frontiers and Controversies in Astrophysics; NOVA — Inside Einstein's Mind",https://ocw.mit.edu/courses/sts-002-toward-the-scientific-revolution-fall-2003/; https://www.bbc.co.uk/programmes/b00s8gcf; https://oyc.yale.edu/astronomy/astr-160; https://www.pbs.org/video/nova-inside-einsteins-mind/,Physics; Science; Cause; Hypothesis; Knowledge; Truth; Nature,Expansion (1990),Quantum foundations companion
Not Started,275,10,30,Thomas Mann,Death in Venice,Focus: Part II-IV (obsession); myth references; ending,Art; Beauty; Form; Truth,Crash Course Literature — use the author/work video when available; otherwise use the genre/period video.,Lecture cue — use/search: “Thomas Mann Death in Venice lecture”,"Open Yale Theory of Literature or European Civilization — connect form, society, class, consciousness, and modernity.","Watch for Art; Beauty; Form; Truth: the modern novel often makes consciousness, society, and narration itself part of the argument.",CRASH_LIT; OYC_THEORY; OYC_EUROCIV,"Crash Course Literature; Open Yale ENGL 300 — Introduction to Theory of Literature; Open Yale HIST 202 — European Civilization, 1648–1945",https://thecrashcourse.com/topic/literature/; https://oyc.yale.edu/english/engl-300; https://oyc.yale.edu/history/hist-202,Art; Beauty; Form; Truth,Expansion (1990),"Aesthetics, desire, decadence"
Not Started,276,10,31,Bohr,Discussion with Einstein on Epistemology,Focus: central exchanges on uncertainty & completeness,Hypothesis; Knowledge; Cause; Physics; Reasoning; Science; Truth,MIT STS.002 — scientific revolution / natural philosophy context; then BBC Story of Science for the long arc of method and proof.,Lecture cue — use/search: “Bohr Discussion with Einstein on Epistemology science history lecture”,"Use OYC Astrophysics, MIT Mechanics, or NOVA as appropriate to see the modern consequence of the model.","Watch for Hypothesis; Knowledge; Cause; Physics: science here changes what counts as explanation: model, measurement, experiment, law, and reality.",MIT_STS; BBC_STORY_SCI; OYC_ASTRO; PBS_NOVA_EINSTEIN,"MIT OCW STS.002 — Toward the Scientific Revolution; BBC — The Story of Science: Power, Proof and Passion; Open Yale ASTR 160 — Frontiers and Controversies in Astrophysics; NOVA — Inside Einstein's Mind",https://ocw.mit.edu/courses/sts-002-toward-the-scientific-revolution-fall-2003/; https://www.bbc.co.uk/programmes/b00s8gcf; https://oyc.yale.edu/astronomy/astr-160; https://www.pbs.org/video/nova-inside-einsteins-mind/,Hypothesis; Knowledge; Physics; Reasoning; Science; Truth; Cause,Expansion (1990),Einstein-Bohr debate
Not Started,277,10,32,Conrad,Heart of Darkness,Focus: frame narrative opening; Kurtz sections; closing return,Art; Beauty; Form; God; Religion; Sin,Crash Course Literature — use the author/work video when available; otherwise use the genre/period video.,Lecture cue — use/search: “Conrad Heart of Darkness lecture”,"Open Yale Theory of Literature or European Civilization — connect form, society, class, consciousness, and modernity.","Watch for Art; Beauty; Form; God: the modern novel often makes consciousness, society, and narration itself part of the argument.",CRASH_LIT; OYC_THEORY; OYC_EUROCIV,"Crash Course Literature; Open Yale ENGL 300 — Introduction to Theory of Literature; Open Yale HIST 202 — European Civilization, 1648–1945",https://thecrashcourse.com/topic/literature/; https://oyc.yale.edu/english/engl-300; https://oyc.yale.edu/history/hist-202,Art; Beauty; Form; God; Religion; Sin,Expansion (1990),"Empire, morality, modernity"
Not Started,278,10,33,Dickens,Little Dorrit,Focus: 'Circumlocution Office' episodes; Marshalsea prison chapters; closing revelations,God; Religion; Sin; Truth,Crash Course Literature — use the author/work video when available; otherwise use the genre/period video.,Lecture cue — use/search: “Dickens Little Dorrit lecture”,"Open Yale Theory of Literature or European Civilization — connect form, society, class, consciousness, and modernity.","Watch for God; Religion; Sin; Truth: the modern novel often makes consciousness, society, and narration itself part of the argument.",CRASH_LIT; OYC_THEORY; OYC_EUROCIV,"Crash Course Literature; Open Yale ENGL 300 — Introduction to Theory of Literature; Open Yale HIST 202 — European Civilization, 1648–1945",https://thecrashcourse.com/topic/literature/; https://oyc.yale.edu/english/engl-300; https://oyc.yale.edu/history/hist-202,God; Religion; Sin; Truth,Expansion (1990),Institutions & modern society
Not Started,279,10,34,George Eliot,Middlemarch,Focus: Books I-II; V-VI; Finale (author's moral reflections),Knowledge; Justice; Truth; Reasoning,Crash Course Literature — use the author/work video when available; otherwise use the genre/period video.,Lecture cue — use/search: “George Eliot Middlemarch lecture”,"Open Yale Theory of Literature or European Civilization — connect form, society, class, consciousness, and modernity.","Watch for Knowledge; Justice; Truth; Reasoning: the modern novel often makes consciousness, society, and narration itself part of the argument.",CRASH_LIT; OYC_THEORY; OYC_EUROCIV,"Crash Course Literature; Open Yale ENGL 300 — Introduction to Theory of Literature; Open Yale HIST 202 — European Civilization, 1648–1945",https://thecrashcourse.com/topic/literature/; https://oyc.yale.edu/english/engl-300; https://oyc.yale.edu/history/hist-202,Truth; Knowledge; Reasoning; Justice,Expansion (1990),19th-c realism late in plan
Not Started,280,10,35,Eugene O'Neill,Mourning Becomes Electra,Focus: Homecoming; The Hunted; The Haunted (trilogy arc),Knowledge; Justice; Truth; Reasoning,"Crash Course Theater and Drama — watch the period/genre episode: neoclassicism, realism, modern drama, epic theatre, or absurdism.",Stage production cue — use/search: “Eugene O'Neill Mourning Becomes Electra full play performance or reputable stage excerpts”,Watch a production/interview on National Theatre at Home or Digital Theatre if available; compare text to performed timing.,"Watch for Knowledge; Justice; Truth; Reasoning: drama lets ideas happen between bodies, pauses, entrances, exits, costumes, and public judgment.",CRASH_THEATER; NT_AT_HOME; DIGITAL_THEATRE,Crash Course Theater and Drama; National Theatre at Home; Digital Theatre,https://thecrashcourse.com/topic/theaterdrama/; https://www.ntathome.com/; https://www.digitaltheatre.com/,Truth; Knowledge; Reasoning; Justice,Expansion (1990),Greek tragedy in modern key
Not Started,281,10,36,Wittgenstein,Philosophical Investigations,"§§1-43; 65-88; 243-315 (meaning, family resemblance, private language)",Language; Logic; Custom and Convention; Family; Sign and Symbol; Mind; Philosophy; Truth,"Bryan Magee — watch the matching philosopher/tradition episode first, or OYC Theory for the interpretive frame.",Gregory B. Sadler — use/search: “Wittgenstein Philosophical Investigations lecture”,"Return to Magee/OYC Theory; locate the break: certainty, substance, freedom, history, language, being, or value.",Watch for Language; Logic; Custom and Convention; Family: modern philosophy often begins when inherited certainty becomes a problem rather than a possession.,MAGEE; SADLER; OYC_THEORY,Bryan Magee — Great Philosophers / Men of Ideas interviews; Gregory B. Sadler — philosophy text lectures and core concepts; Open Yale ENGL 300 — Introduction to Theory of Literature,https://www.openculture.com/2012/05/bryan_magees_in-depth_uncut_tv_conversations_with_famous_philosophers_1978-87.html; https://www.youtube.com/@GregoryBSadler; https://oyc.yale.edu/english/engl-300,Language; Sign and Symbol; Logic; Mind; Philosophy; Truth; Custom and Convention; Family,Expansion (1990),Core of ordinary-language/analytic turn
Not Started,282,10,37,Einstein,Relativity: The Special and the General Theory,Focus: Part I ch. 1-8; Part II ch. 10-16,Cause; Hypothesis; Art; Mathematics; Physics; Science; Space; Time,MIT STS.002 — scientific revolution / natural philosophy context; then BBC Story of Science for the long arc of method and proof.,Lecture cue — use/search: “Einstein Relativity: The Special and the General Theory science history lecture”,"Use OYC Astrophysics, MIT Mechanics, or NOVA as appropriate to see the modern consequence of the model.","Watch for Cause; Hypothesis; Art; Mathematics: science here changes what counts as explanation: model, measurement, experiment, law, and reality.",MIT_STS; BBC_STORY_SCI; OYC_ASTRO; PBS_NOVA_EINSTEIN,"MIT OCW STS.002 — Toward the Scientific Revolution; BBC — The Story of Science: Power, Proof and Passion; Open Yale ASTR 160 — Frontiers and Controversies in Astrophysics; NOVA — Inside Einstein's Mind",https://ocw.mit.edu/courses/sts-002-toward-the-scientific-revolution-fall-2003/; https://www.bbc.co.uk/programmes/b00s8gcf; https://oyc.yale.edu/astronomy/astr-160; https://www.pbs.org/video/nova-inside-einsteins-mind/,Cause; Hypothesis; Mathematics; Physics; Science; Space; Time; Art,Expansion (1990),Modern physics foundations
Not Started,283,10,38,Pirandello,Six Characters in Search of an Author,Focus: the intrusion; rehearsal conflicts; final scene ambiguity,Knowledge; Justice; Truth; Reasoning,"Crash Course Theater and Drama — watch the period/genre episode: neoclassicism, realism, modern drama, epic theatre, or absurdism.",Stage production cue — use/search: “Pirandello Six Characters in Search of an Author full play performance or reputable stage excerpts”,Watch a production/interview on National Theatre at Home or Digital Theatre if available; compare text to performed timing.,"Watch for Knowledge; Justice; Truth; Reasoning: drama lets ideas happen between bodies, pauses, entrances, exits, costumes, and public judgment.",CRASH_THEATER; NT_AT_HOME; DIGITAL_THEATRE,Crash Course Theater and Drama; National Theatre at Home; Digital Theatre,https://thecrashcourse.com/topic/theaterdrama/; https://www.ntathome.com/; https://www.digitaltheatre.com/,Truth; Knowledge; Reasoning; Justice,Expansion (1990),Meta-theater & reality
Not Started,284,10,39,F. Scott Fitzgerald,The Great Gatsby,"Ch. 1-3; 6-7; 9 (dream, class, collapse)",Knowledge; Justice; Truth; Reasoning,Crash Course Literature — use the author/work video when available; otherwise use the genre/period video.,Lecture cue — use/search: “F. Scott Fitzgerald The Great Gatsby lecture”,"Open Yale Theory of Literature or European Civilization — connect form, society, class, consciousness, and modernity.","Watch for Knowledge; Justice; Truth; Reasoning: the modern novel often makes consciousness, society, and narration itself part of the argument.",OYC_AMST; CRASH_LIT; OYC_THEORY; OYC_EUROCIV,"Open Yale AMST 246 — Hemingway, Fitzgerald, Faulkner; Crash Course Literature; Open Yale ENGL 300 — Introduction to Theory of Literature; Open Yale HIST 202 — European Civilization, 1648–1945",https://oyc.yale.edu/american-studies/amst-246; https://thecrashcourse.com/topic/literature/; https://oyc.yale.edu/english/engl-300; https://oyc.yale.edu/history/hist-202,Truth; Knowledge; Reasoning; Justice,Expansion (1990),Modern American myth
Not Started,285,10,40,Russell,The Problems of Philosophy,"Ch. 1-3; 6; 10; 15 (appearance/reality, knowledge, universals)",Knowledge; Logic; Truth; Philosophy; Reasoning; Mind,"Bryan Magee — watch the matching philosopher/tradition episode first, or OYC Theory for the interpretive frame.",Gregory B. Sadler — use/search: “Russell The Problems of Philosophy lecture”,"Return to Magee/OYC Theory; locate the break: certainty, substance, freedom, history, language, being, or value.",Watch for Knowledge; Logic; Truth; Philosophy: modern philosophy often begins when inherited certainty becomes a problem rather than a possession.,MAGEE; SADLER; OYC_THEORY,Bryan Magee — Great Philosophers / Men of Ideas interviews; Gregory B. Sadler — philosophy text lectures and core concepts; Open Yale ENGL 300 — Introduction to Theory of Literature,https://www.openculture.com/2012/05/bryan_magees_in-depth_uncut_tv_conversations_with_famous_philosophers_1978-87.html; https://www.youtube.com/@GregoryBSadler; https://oyc.yale.edu/english/engl-300,Knowledge; Truth; Philosophy; Reasoning; Logic; Mind,Expansion (1990),Bridge to analytic philosophy
Not Started,286,10,41,D. H. Lawrence,The Prussian Officer,Focus: buildup of domination; climactic confrontation; aftermath,Law; Constitution; Government; Justice; State,Crash Course Literature — use the author/work video when available; otherwise use the genre/period video.,Lecture cue — use/search: “D. H. Lawrence The Prussian Officer lecture”,"Open Yale Theory of Literature or European Civilization — connect form, society, class, consciousness, and modernity.","Watch for Law; Constitution; Government; Justice: the modern novel often makes consciousness, society, and narration itself part of the argument.",CRASH_LIT; OYC_THEORY; OYC_EUROCIV,"Crash Course Literature; Open Yale ENGL 300 — Introduction to Theory of Literature; Open Yale HIST 202 — European Civilization, 1648–1945",https://thecrashcourse.com/topic/literature/; https://oyc.yale.edu/english/engl-300; https://oyc.yale.edu/history/hist-202,Law; Constitution; Government; Justice; State,Expansion (1990),"Power, repression"
Not Started,287,10,42,Virginia Woolf,To the Lighthouse,Focus: 'The Window'; 'Time Passes'; 'The Lighthouse',Change; Eternity; Time; Truth,Crash Course Literature — use the author/work video when available; otherwise use the genre/period video.,Lecture cue — use/search: “Virginia Woolf To the Lighthouse lecture”,"Open Yale Theory of Literature or European Civilization — connect form, society, class, consciousness, and modernity.","Watch for Change; Eternity; Time; Truth: the modern novel often makes consciousness, society, and narration itself part of the argument.",OYC_MODERNPOETRY; CRASH_LIT; OYC_THEORY; OYC_EUROCIV,"Open Yale ENGL 310 — Modern Poetry; Crash Course Literature; Open Yale ENGL 300 — Introduction to Theory of Literature; Open Yale HIST 202 — European Civilization, 1648–1945",https://oyc.yale.edu/english/engl-310; https://thecrashcourse.com/topic/literature/; https://oyc.yale.edu/english/engl-300; https://oyc.yale.edu/history/hist-202,Change; Eternity; Time; Truth,Expansion (1990),Modernism & consciousness
Not Started,288,10,43,Chekhov,Uncle Vanya,Focus: Acts I-II (stasis); Act III (eruption); Act IV (aftermath),Knowledge; Justice; Truth; Reasoning,"Crash Course Theater and Drama — watch the period/genre episode: neoclassicism, realism, modern drama, epic theatre, or absurdism.",Stage production cue — use/search: “Chekhov Uncle Vanya full play performance or reputable stage excerpts”,Watch a production/interview on National Theatre at Home or Digital Theatre if available; compare text to performed timing.,"Watch for Knowledge; Justice; Truth; Reasoning: drama lets ideas happen between bodies, pauses, entrances, exits, costumes, and public judgment.",CRASH_THEATER; NT_AT_HOME; DIGITAL_THEATRE,Crash Course Theater and Drama; National Theatre at Home; Digital Theatre,https://thecrashcourse.com/topic/theaterdrama/; https://www.ntathome.com/; https://www.digitaltheatre.com/,Truth; Knowledge; Reasoning; Justice,Expansion (1990),Modern drama & meaning
Not Started,289,10,44,Beckett,Waiting for Godot,Focus: Act I vs Act II repetitions; 'waiting' theme; ending,Desire; Life and Death; God; Mind; Time; Truth; Religion; Theology,"Crash Course Theater and Drama — watch the period/genre episode: neoclassicism, realism, modern drama, epic theatre, or absurdism.",Stage production cue — use/search: “Beckett Waiting for Godot full play performance or reputable stage excerpts”,Watch a production/interview on National Theatre at Home or Digital Theatre if available; compare text to performed timing.,"Watch for Desire; Life and Death; God; Mind: drama lets ideas happen between bodies, pauses, entrances, exits, costumes, and public judgment.",CRASH_THEATER; NT_AT_HOME; DIGITAL_THEATRE; KENNEDY_GODOT,Crash Course Theater and Drama; National Theatre at Home; Digital Theatre; Kennedy Center — Samuel Beckett & Waiting for Godot,https://thecrashcourse.com/topic/theaterdrama/; https://www.ntathome.com/; https://www.digitaltheatre.com/; https://www.kennedy-center.org/education/resources-for-educators/classroom-resources/media-and-interactives/media/theater/samuel-beckett--waiting-for-godot/,Desire; Life and Death; Mind; Time; Truth; God; Religion; Theology,Expansion (1990),Absurdism & meaning
Not Started,290,10,45,Heidegger,What is Metaphysics?,"(Whole essay) Focus: anxiety, the Nothing, science vs metaphysics",Being; Hypothesis; Metaphysics; Philosophy; Truth; World; Science; Mind,"Bryan Magee — watch the matching philosopher/tradition episode first, or OYC Theory for the interpretive frame.",Gregory B. Sadler — use/search: “Heidegger What is Metaphysics? lecture”,"Return to Magee/OYC Theory; locate the break: certainty, substance, freedom, history, language, being, or value.",Watch for Being; Hypothesis; Metaphysics; Philosophy: modern philosophy often begins when inherited certainty becomes a problem rather than a possession.,MAGEE; SADLER; OYC_THEORY,Bryan Magee — Great Philosophers / Men of Ideas interviews; Gregory B. Sadler — philosophy text lectures and core concepts; Open Yale ENGL 300 — Introduction to Theory of Literature,https://www.openculture.com/2012/05/bryan_magees_in-depth_uncut_tv_conversations_with_famous_philosophers_1978-87.html; https://www.youtube.com/@GregoryBSadler; https://oyc.yale.edu/english/engl-300,Being; Metaphysics; Philosophy; Truth; World; Science; Mind; Hypothesis,Expansion (1990),20th-c metaphysics pivot
